,Player,Club,Position,GamesPlayed,GamesStarted,MinutesPlayed,GoalsScored,Assists,Shots,ShotsOnGoal,GameWinningGoal,HomeGoals,RoadGoals,GoalsPer90Minutes,ShotConversion,GameWinningAssists,HomeAssists,RoadAssists,AssistsPer90Min,FoulsCommitted,FoulsSufferred,Offsides,YellowCards,RedCards,Year,Season
3814,Diego Rossi,LAFC,F,19,19,1698,14,4,71,34,1,11,3,0.74,19.7,2,3,1,0.21,6,20,12,0,0,2020,reg
3815,Gyasi Zardes,CLB,F,21,20,1717,12,4,41,19,2,8,4,0.63,29.3,1,2,2,0.21,19,27,17,1,0,2020,reg
3816,Raul Ruidiaz ,SEA,F,17,17,1427,12,4,55,23,4,8,4,0.76,21.8,0,2,2,0.25,11,13,13,2,0,2020,reg
3817,Robert Beric,CHI,F,23,22,1931,12,1,62,29,1,7,5,0.56,19.4,0,1,0,0.05,38,58,28,1,0,2020,reg
3818,Jordan Morris,SEA,F,22,18,1724,10,8,39,18,3,8,2,0.52,25.6,0,5,3,0.42,6,12,13,1,0,2020,reg
3819,Chris Mueller,ORL,F,22,17,1477,10,7,36,19,3,8,2,0.61,27.8,4,5,2,0.43,12,33,2,0,0,2020,reg
3820,Cristian Pavon,LA,M,22,22,1980,10,7,63,26,2,5,5,0.45,15.9,2,5,2,0.32,20,27,5,1,0,2020,reg
3821,Alejandro Pozuelo,TOR,M,23,23,2015,9,10,52,25,5,4,5,0.4,17.3,2,5,5,0.45,26,28,1,3,0,2020,reg
3822,Kevin Molino,MIN,M,18,15,1264,9,4,38,17,3,5,4,0.64,23.7,2,3,1,0.28,16,48,4,0,0,2020,reg
3823,Ayo Akinola,TOR,F,15,11,1063,9,0,36,18,2,4,5,0.76,25.0,0,0,0,0.0,28,7,13,1,0,2020,reg
3824,Diego Valeri,POR,M,22,18,1628,8,7,39,16,3,5,3,0.44,20.5,0,1,6,0.39,10,19,2,2,0,2020,reg
3825,Bradley Wright-Phillips,LAFC,F,18,14,1081,8,6,33,15,3,7,1,0.67,24.2,1,4,2,0.5,12,16,8,0,0,2020,reg
3826,Romell Quioto,MTL,M,19,17,1483,8,6,51,20,2,4,4,0.49,15.7,2,3,3,0.36,13,23,16,2,1,2020,reg
3827,Kacper Przybylko,PHI,F,23,23,1974,8,6,54,25,4,5,3,0.36,14.8,1,6,0,0.27,14,23,17,1,0,2020,reg
3828,Daryl Dike,ORL,F,17,15,1224,8,4,30,12,2,5,3,0.59,26.7,1,2,2,0.29,25,30,6,0,0,2020,reg
3829,Jeremy Ebobisse,POR,F,18,11,1062,8,2,32,14,1,2,6,0.68,25.0,1,2,0,0.17,9,10,3,0,0,2020,reg
3830,Sergio Santos,PHI,F,21,17,1218,8,2,34,12,3,6,2,0.59,23.5,0,0,2,0.15,34,20,9,4,0,2020,reg
3831,Teal Bunbury,NE,F,22,19,1466,8,1,43,12,3,2,6,0.49,18.6,0,1,0,0.06,22,23,6,3,0,2020,reg
3832,Damir Kreilach,RSL,M,21,20,1770,8,1,48,20,2,5,3,0.41,16.7,0,0,1,0.05,30,33,5,4,0,2020,reg
3833,Nicolás Lodeiro,SEA,M,20,20,1782,7,10,40,18,2,4,3,0.35,17.5,6,7,3,0.51,14,54,3,2,0,2020,reg
3834,Darwin Quintero,HOU,F,22,20,1689,7,10,59,24,2,4,3,0.37,11.9,1,3,7,0.53,11,26,9,5,0,2020,reg
3835,Robin Lod,MIN,M,20,18,1585,7,5,40,13,0,4,3,0.4,17.5,1,5,0,0.28,21,8,2,3,0,2020,reg
3836,Felipe Mora,POR,F,19,13,1204,7,2,32,17,3,3,4,0.52,21.9,0,1,1,0.15,7,31,6,0,0,2020,reg
3837,Jaroslaw Niezgoda,POR,F,17,7,602,7,1,12,9,1,5,2,1.05,58.3,0,1,0,0.15,2,3,0,0,0,2020,reg
3838,Chris Wondolowski,SJ,F,22,13,1275,7,1,31,19,1,4,3,0.49,22.6,0,1,0,0.07,11,14,10,1,0,2020,reg
3839,Franco Jara,DAL,F,19,16,1388,7,0,37,20,3,4,3,0.45,18.9,0,0,0,0.0,27,27,11,4,0,2020,reg
3840,Pedro Santos,CLB,M,22,22,1841,6,8,44,16,4,4,2,0.29,13.6,2,5,3,0.39,30,47,1,4,0,2020,reg
3841,Alan Pulido,SKC,F,12,11,962,6,5,36,18,3,3,3,0.56,16.7,2,2,3,0.47,8,30,6,3,0,2020,reg
3842,Nani,ORL,M,19,16,1423,6,5,51,16,2,3,3,0.38,11.8,1,3,2,0.32,14,27,3,3,1,2020,reg
3843,Lucas Zelarayan,CLB,M,16,12,1039,6,4,23,10,3,5,1,0.52,26.1,1,2,2,0.35,16,19,0,2,0,2020,reg
3844,Gadi Kinda,SKC,M,18,16,1394,6,4,35,11,1,3,3,0.39,17.1,2,2,2,0.26,30,25,2,5,1,2020,reg
3845,Sebastian Lletget,LA,M,21,19,1692,6,4,37,18,1,4,2,0.32,16.2,0,2,2,0.21,20,22,4,1,0,2020,reg
3846,Johnny Russell,SKC,F,21,17,1529,6,4,50,17,2,5,1,0.35,12.0,1,3,1,0.24,14,27,0,3,0,2020,reg
3847,Valentin Castellanos,NYC,F,22,14,1341,6,3,75,34,1,4,2,0.4,8.0,0,2,1,0.2,55,26,14,7,0,2020,reg
3848,Adam Buksa,NE,F,23,16,1499,6,2,59,24,1,2,4,0.36,10.2,0,0,2,0.12,31,20,4,4,0,2020,reg
3849,Anthony Fontana,PHI,M,17,5,509,6,0,16,13,3,3,3,1.06,37.5,0,0,0,0.0,16,12,0,4,0,2020,reg
3850,Lucas Cavallini,VAN,F,18,16,1457,6,0,44,18,4,5,1,0.37,13.6,0,0,0,0.0,31,42,7,7,1,2020,reg
3851,Lewis Morgan,MIA,M,23,23,1952,5,8,56,18,2,5,0,0.23,8.9,3,4,4,0.37,9,27,3,1,0,2020,reg
3852,Cole Bassett,COL,M,14,12,982,5,5,22,9,2,3,2,0.46,22.7,1,1,4,0.46,10,10,2,1,0,2020,reg
3853,Fredy Montero,VAN,F,16,11,1059,5,5,31,13,0,4,1,0.42,16.1,3,3,2,0.42,23,31,1,1,0,2020,reg
3854,Memo Rodriguez,HOU,M,21,20,1604,5,3,52,16,0,1,4,0.28,9.6,1,1,2,0.17,25,29,5,5,0,2020,reg
3855,Gustavo Bou,NE,F,18,14,1329,5,3,64,22,3,2,3,0.34,7.8,0,0,3,0.2,8,16,23,0,0,2020,reg
3856,Benji Michel,ORL,F,21,8,840,5,2,16,10,2,3,2,0.54,31.3,1,1,1,0.21,8,17,4,2,0,2020,reg
3857,Maximiliano Urruti,MTL,F,15,10,895,5,2,22,11,2,3,2,0.5,22.7,0,1,1,0.2,9,10,7,1,0,2020,reg
3858,Jesus Medina,NYC,M,22,18,1495,5,2,32,16,1,2,3,0.3,15.6,1,1,1,0.12,22,16,7,3,0,2020,reg
3859,Danny Musovski,LAFC,F,15,6,629,5,1,20,15,1,5,0,0.72,25.0,1,1,0,0.14,10,4,5,0,0,2020,reg
3860,Brian White,RBNY,F,18,10,872,5,1,26,11,2,2,3,0.52,19.2,0,0,1,0.1,17,5,11,1,0,2020,reg
3861,Andres Rios,SJ,F,22,20,1711,5,1,28,8,1,3,2,0.26,17.9,1,0,1,0.05,41,48,10,5,0,2020,reg
3862,Khiry Shelton,SKC,F,20,17,1447,5,1,29,14,1,4,1,0.31,17.2,1,1,0,0.06,17,17,9,4,0,2020,reg
3863,Erik Hurtado,SKC,F,15,3,376,5,0,19,8,1,1,4,1.2,26.3,0,0,0,0.0,8,7,2,0,0,2020,reg
3864,Jonathan Lewis,COL,F,18,7,705,5,0,27,10,1,2,3,0.64,18.5,0,0,0,0.0,6,9,3,2,0,2020,reg
3865,Yimmi Chara,POR,M,21,12,1233,4,8,23,12,2,2,2,0.29,17.4,1,6,2,0.58,5,20,4,0,0,2020,reg
3866,Brenden Aaronson,PHI,M,23,23,1914,4,7,36,16,1,2,2,0.19,11.1,3,6,1,0.33,16,28,4,0,0,2020,reg
3867,Saphir Taider,MTL,F,11,11,955,4,6,19,5,1,3,1,0.38,21.1,4,2,4,0.57,11,16,1,1,0,2020,reg
3868,Rodolfo Pizarro,MIA,M,19,17,1578,4,5,31,11,1,1,3,0.23,12.9,1,3,2,0.29,13,56,7,4,0,2020,reg
3869,Richie Laryea,TOR,M,20,15,1398,4,4,13,6,1,2,2,0.26,30.8,3,3,1,0.26,13,45,3,1,0,2020,reg
3870,Anton Tinnerholm,NYC,D,23,22,2001,4,4,21,6,2,3,1,0.18,19.0,2,4,0,0.18,27,27,4,5,0,2020,reg
3871,Alexander Ring,NYC,M,23,23,2016,4,4,26,8,2,4,0,0.18,15.4,1,1,3,0.18,43,19,12,5,0,2020,reg
3872,Hany Mukhtar,NSH,M,15,13,1092,4,4,32,13,0,1,3,0.33,12.5,1,2,2,0.33,13,28,3,0,0,2020,reg
3873,Pablo Piatti,TOR,M,17,16,1338,4,4,39,16,2,3,1,0.27,10.3,1,1,3,0.27,28,37,1,4,0,2020,reg
3874,Alberth Elis,HOU,F,6,4,377,4,3,17,8,0,1,3,0.95,23.5,0,2,1,0.72,13,5,3,1,1,2020,reg
3875,Daniel Royer,RBNY,M,20,15,1354,4,3,30,10,1,2,2,0.27,13.3,1,3,0,0.2,9,30,8,0,0,2020,reg
3876,Ethan Finlay,MIN,M,14,12,961,4,2,18,9,0,2,2,0.37,22.2,1,0,2,0.19,15,9,2,0,0,2020,reg
3877,Alexandru Mitrita,NYC,F,12,8,699,4,2,23,9,2,2,2,0.52,17.4,1,1,1,0.26,6,21,0,0,0,2020,reg
3878,Bojan Krkic,MTL,M,17,14,1159,4,2,25,12,1,1,3,0.31,16.0,2,2,0,0.16,6,20,5,0,0,2020,reg
3879,Kei Kamara,MIN,F,16,11,980,4,2,28,10,1,2,2,0.37,14.3,0,1,1,0.18,9,8,4,1,0,2020,reg
3880,Lassi Lappalainen,MTL,M,13,7,680,4,1,13,11,0,2,2,0.53,30.8,1,1,0,0.13,5,4,4,0,0,2020,reg
3881,Carlos Vela,LAFC,F,7,4,422,4,1,22,10,1,4,0,0.85,18.2,0,0,1,0.21,3,8,1,0,0,2020,reg
3882,Ryan Hollingshead,DAL,M,20,19,1731,4,1,31,11,4,2,2,0.21,12.9,1,1,0,0.05,23,17,2,3,0,2020,reg
3883,Fabian Herbers,CHI,F,21,18,1366,4,1,31,10,2,4,0,0.26,12.9,0,1,0,0.07,24,21,3,6,0,2020,reg
3884,Andre Shinyashiki,COL,F,15,13,1034,4,1,33,18,0,2,2,0.35,12.1,0,0,1,0.09,18,19,3,2,0,2020,reg
3885,Jon Gallagher,ATL,F,16,11,982,4,0,13,7,1,2,2,0.37,30.8,0,0,0,0.0,11,24,7,0,0,2020,reg
3886,Brek Shea,MIA,D,13,6,628,4,0,13,6,1,1,3,0.57,30.8,0,0,0,0.0,9,6,3,1,0,2020,reg
3887,Santiago Mosquera,DAL,M,12,5,411,4,0,17,9,0,3,1,0.88,23.5,0,0,0,0.0,5,6,4,0,0,2020,reg
3888,Daniel Rios,NSH,F,18,8,697,4,0,25,8,1,4,0,0.52,16.0,0,0,0,0.0,9,7,2,0,0,2020,reg
3889,Ola Kamara,DC,F,22,17,1327,4,0,28,9,0,3,1,0.27,14.3,0,0,0,0.0,9,24,20,0,0,2020,reg
3890,Cristian Espinoza,SJ,M,23,22,1812,3,9,52,19,3,2,1,0.15,5.8,1,3,6,0.45,21,19,3,3,0,2020,reg
3891,Jamiro Monteiro,PHI,M,22,22,1941,3,6,32,14,0,2,1,0.14,9.4,2,3,3,0.28,38,39,0,6,0,2020,reg
3892,Eryk Williamson,POR,M,21,17,1417,3,5,16,5,0,1,2,0.19,18.8,4,2,3,0.32,23,29,2,7,0,2020,reg
3893,Mark-Anthony Kaye,LAFC,M,16,15,1095,3,4,13,4,0,3,0,0.25,23.1,0,4,0,0.33,11,16,1,1,1,2020,reg
3894,Kyle Duncan,RBNY,D,23,21,1908,3,4,13,4,1,2,1,0.14,23.1,2,4,0,0.19,31,33,0,3,0,2020,reg
3895,Diego Rubio,COL,F,16,12,1040,3,4,24,7,2,0,3,0.26,12.5,2,0,4,0.35,18,29,5,3,0,2020,reg
3896,Cristian Dajome,VAN,F,23,18,1604,3,4,31,10,1,2,1,0.17,9.7,1,3,1,0.22,24,40,2,3,0,2020,reg
3897,Randall Leal,NSH,F-M,21,19,1615,3,4,41,18,2,2,1,0.17,7.3,0,3,1,0.22,31,36,3,2,0,2020,reg
3898,Ilsinho,PHI,M,22,2,623,3,3,10,4,1,3,0,0.43,30.0,1,2,1,0.43,8,7,2,2,0,2020,reg
3899,Justin Meram,RSL,M,21,13,1146,3,3,16,8,0,2,1,0.24,18.8,0,0,3,0.24,15,15,3,1,0,2020,reg
3900,Kelvin Leerdam,SEA,D,21,19,1551,3,3,18,3,0,2,1,0.17,16.7,0,2,1,0.17,14,5,2,2,0,2020,reg
3901,Gerso Fernandes,SKC,F,19,10,820,3,3,23,5,0,2,1,0.33,13.0,0,2,1,0.33,10,14,2,2,0,2020,reg
3902,Alejandro Bedoya,PHI,M,21,21,1832,3,3,31,12,1,1,2,0.15,9.7,1,1,2,0.15,29,12,7,9,0,2020,reg
3903,Mauricio Pineda,CHI,D-M,23,23,2022,3,2,9,3,1,1,2,0.13,33.3,0,1,1,0.09,24,7,0,5,0,2020,reg
3904,Adam Jahn,ATL,F,21,13,1072,3,2,15,8,1,1,2,0.25,20.0,0,0,2,0.17,20,2,11,2,0,2020,reg
3905,Yamil Asad,DC,M,23,18,1582,3,2,19,7,0,2,1,0.17,15.8,1,2,0,0.11,17,49,4,5,0,2020,reg
3906,Fafa Picault,DAL,M,18,11,1040,3,2,22,8,0,3,0,0.26,13.6,1,2,0,0.17,5,13,3,1,0,2020,reg
3907,Albert Rusnak,RSL,M,16,15,1291,3,2,31,8,2,3,0,0.21,9.7,0,2,0,0.14,8,21,1,0,0,2020,reg
3908,Junior Urso,ORL,M,23,20,1708,3,2,33,13,1,2,1,0.16,9.1,0,0,2,0.11,27,39,0,3,0,2020,reg
3909,Mauro Manotas,HOU,F,20,15,1326,3,2,45,20,1,3,0,0.2,6.7,0,1,1,0.14,9,12,2,0,1,2020,reg
3910,Walker Zimmerman,NSH,D,22,22,1955,3,1,19,9,0,2,1,0.14,15.8,0,1,0,0.05,18,4,0,1,0,2020,reg
3911,Ismael Tajouri-Shradi,NYC,F,15,6,670,3,1,21,8,2,2,1,0.4,14.3,0,1,0,0.13,10,6,3,0,0,2020,reg
3912,Youness Mokhtar,CLB,M,19,10,805,3,1,21,8,1,0,3,0.34,14.3,0,0,1,0.11,14,12,2,1,0,2020,reg
3913,Przemyslaw Frankowski,CHI,M,19,16,1459,3,1,27,13,0,3,0,0.19,11.1,0,0,1,0.06,29,19,2,1,0,2020,reg
3914,Vako,SJ,M,15,9,799,3,1,28,14,0,2,1,0.34,10.7,0,0,1,0.11,4,13,0,0,0,2020,reg
3915,Ariel Lassiter,HOU,F,16,10,949,3,1,30,16,0,2,1,0.28,10.0,1,1,0,0.09,7,14,8,2,0,2020,reg
3916,Keaton Parks,NYC,M,23,20,1733,3,1,40,16,0,2,1,0.16,7.5,0,0,1,0.05,25,11,1,5,0,2020,reg
3917,Tesho Akindele,ORL,F-M,17,8,821,3,0,12,6,0,2,1,0.33,25.0,0,0,0,0.0,5,6,3,0,0,2020,reg
3918,Donovan Pines,DC,D,16,15,1353,3,0,15,8,0,2,1,0.2,20.0,0,0,0,0.0,13,11,2,0,0,2020,reg
3919,Juan Agudelo,MIA,F,14,9,842,3,0,19,4,0,1,2,0.32,15.8,0,0,0,0.0,19,14,6,2,1,2020,reg
3920,Yuya Kubo,CIN,F,19,15,1284,3,0,19,7,1,2,1,0.21,15.8,0,0,0,0.0,28,40,2,1,0,2020,reg
3921,Tom Barlow,RBNY,F,21,12,974,3,0,39,20,1,3,0,0.28,7.7,0,0,0,0.0,13,4,15,0,0,2020,reg
3922,Mauricio Pereyra,ORL,M,16,14,1107,2,8,9,4,1,1,1,0.16,22.2,4,6,2,0.65,18,20,1,6,0,2020,reg
3923,Djordje Mihailovic,CHI,M,20,14,1171,2,7,26,7,0,2,0,0.15,7.7,0,3,4,0.54,12,26,3,1,0,2020,reg
3924,Brian Rodriguez,LAFC,F,19,18,1446,2,7,49,18,0,1,1,0.12,4.1,2,7,0,0.44,16,28,9,0,0,2020,reg
3925,Alvaro Medran,CHI,M,23,23,1996,2,6,37,13,0,2,0,0.09,5.4,1,3,3,0.27,34,40,1,5,0,2020,reg
3926,Ali Adnan,VAN,D,22,20,1769,2,5,14,5,0,2,0,0.1,14.3,3,3,2,0.25,18,30,3,2,0,2020,reg
3927,João Paulo,SEA,M,19,17,1501,2,5,16,6,0,2,0,0.12,12.5,1,3,2,0.3,28,20,0,5,0,2020,reg
3928,Alejandro Romero Gamarra,RBNY,M,16,13,1089,2,5,16,5,0,2,0,0.17,12.5,3,2,3,0.41,6,6,3,0,0,2020,reg
3929,Sebastian Blanco,POR,M-F,9,8,665,2,5,22,7,1,1,1,0.27,9.1,0,3,2,0.68,8,9,0,1,0,2020,reg
3930,Cristian Roldan,SEA,M,22,21,1890,2,5,27,10,0,0,2,0.1,7.4,2,4,1,0.24,17,25,4,1,0,2020,reg
3931,Artur,CLB,M,22,20,1831,2,4,11,6,0,2,0,0.1,18.2,2,3,1,0.2,43,14,1,3,0,2020,reg
3932,Younes Namli,COL,M,17,16,1272,2,4,23,10,0,1,1,0.14,8.7,1,1,3,0.28,16,22,1,2,0,2020,reg
3933,Corey Baird,RSL,F,21,17,1529,2,4,29,4,0,0,2,0.12,6.9,0,1,3,0.24,21,25,6,4,0,2020,reg
3934,Joevin Jones,SEA,D-M,13,10,831,2,3,9,4,0,2,0,0.22,22.2,2,2,1,0.32,8,15,0,1,0,2020,reg
3935,Mark McKenzie,PHI,D,22,22,1980,2,3,13,4,0,1,1,0.09,15.4,0,1,2,0.14,20,8,0,3,0,2020,reg
3936,Cristian Casseres Jr.,RBNY,M,19,14,1310,2,3,13,7,0,0,2,0.14,15.4,1,1,2,0.21,27,22,1,3,0,2020,reg
3937,Brooks Lennon,ATL,D,23,19,1751,2,3,14,5,0,1,1,0.1,14.3,1,1,2,0.15,31,19,4,3,0,2020,reg
3938,Carlos Fierro,SJ,M,16,11,961,2,3,21,8,0,1,1,0.19,9.5,0,1,2,0.28,9,22,3,2,0,2020,reg
3939,Florian Valot,RBNY,M,23,17,1510,2,3,24,6,1,0,2,0.12,8.3,1,2,1,0.18,11,28,0,1,0,2020,reg
3940,Julian Gressel,DC,M,22,19,1682,2,3,28,5,1,1,1,0.11,7.1,0,2,1,0.16,13,10,5,1,0,2020,reg
3941,Ezequiel Barco,ATL,M,15,11,1034,2,3,31,14,0,1,1,0.17,6.5,1,2,1,0.26,8,47,2,3,0,2020,reg
3942,Marcos Lopez,SJ,D,13,11,990,2,2,7,4,0,1,1,0.18,28.6,0,1,1,0.18,13,18,0,1,0,2020,reg
3943,Shea Salinas,SJ,M,23,4,774,2,2,10,3,1,0,2,0.23,20.0,1,2,0,0.23,11,13,1,1,0,2020,reg
3944,Christian Ramirez,HOU,F,15,8,675,2,2,13,7,0,0,2,0.27,15.4,1,1,1,0.27,5,7,5,0,0,2020,reg
3945,Emerson Hyndman,ATL,M,20,16,1383,2,2,14,6,2,1,1,0.13,14.3,1,0,2,0.13,17,8,1,2,0,2020,reg
3946,Boris Sekulic,CHI,D,21,21,1826,2,2,14,4,1,1,1,0.1,14.3,0,2,0,0.1,26,7,4,3,0,2020,reg
3947,Nick Lima,SJ,D,20,19,1531,2,2,16,6,1,0,2,0.12,12.5,1,2,0,0.12,18,18,0,2,0,2020,reg
3948,Pity Martinez,ATL,M,7,7,591,2,2,17,7,1,2,0,0.3,11.8,1,2,0,0.3,12,23,2,1,0,2020,reg
3949,Roger Espinoza,SKC,M,16,12,950,2,2,19,8,1,1,1,0.19,10.5,2,1,1,0.19,20,10,1,3,0,2020,reg
3950,Victor Wanyama,MTL,M,21,21,1890,2,2,22,8,0,1,1,0.1,9.1,0,0,2,0.1,36,25,1,3,0,2020,reg
3951,Brandon Vazquez,CIN,F,19,8,774,2,2,23,9,0,1,1,0.23,8.7,0,0,2,0.23,17,11,6,0,0,2020,reg
3952,Tajon Buchanan,NE,F,23,11,1084,2,2,30,12,0,1,1,0.17,6.7,0,2,0,0.17,20,37,7,1,0,2020,reg
3953,Reto Ziegler,DAL,D,19,17,1529,2,1,6,4,0,2,0,0.12,33.3,1,1,0,0.06,8,5,1,3,0,2020,reg
3954,Jeff Larentowicz,ATL,M,19,11,1111,2,1,7,2,1,1,1,0.16,28.6,0,1,0,0.08,22,9,0,2,0,2020,reg
3955,Zdenek Ondrasek,DAL,F,5,4,312,2,1,11,3,1,2,0,0.58,18.2,0,1,0,0.29,5,2,1,1,0,2020,reg
3956,Leandro Gonzalez Pirez,MIA,D,16,16,1440,2,1,11,4,2,2,0,0.13,18.2,0,0,1,0.06,29,27,1,8,0,2020,reg
3957,Omir Fernandez,RBNY,M,15,5,569,2,1,12,3,0,1,1,0.32,16.7,1,0,1,0.16,7,11,1,0,0,2020,reg
3958,Oswaldo Alanis,SJ,D,14,14,1188,2,1,13,4,0,1,1,0.15,15.4,0,1,0,0.08,7,7,0,1,0,2020,reg
3959,Marcelino Moreno,ATL,M,6,5,465,2,1,14,7,0,1,1,0.39,14.3,0,0,1,0.19,4,10,0,0,0,2020,reg
3960,Ricardo Pepi,DAL,F,17,4,458,2,1,14,6,0,1,1,0.39,14.3,1,1,0,0.2,10,4,2,0,0,2020,reg
3961,Yeimar Gomez Andrade,SEA,D,19,19,1626,2,1,16,5,1,1,1,0.11,12.5,0,0,1,0.06,20,13,0,5,0,2020,reg
3962,Luis Amarilla,MIN,F,7,5,425,2,1,16,5,2,0,2,0.42,12.5,0,0,1,0.21,5,9,2,2,0,2020,reg
3963,Abu Danladi,NSH,F,17,7,575,2,1,17,4,1,1,1,0.31,11.8,0,0,1,0.16,10,8,1,1,0,2020,reg
3964,Eddie Segura,LAFC,D,22,21,1886,2,1,17,5,1,2,0,0.1,11.8,0,0,1,0.05,17,7,0,3,0,2020,reg
3965,Niko Hansen,HOU,F,17,8,716,2,1,18,7,1,0,2,0.25,11.1,0,0,1,0.13,9,12,3,0,0,2020,reg
3966,Gary Mackay-Steven,NYC,F,22,10,956,2,1,22,15,0,1,1,0.19,9.1,0,1,0,0.09,12,10,13,1,0,2020,reg
3967,Kellyn Acosta,COL,M,15,14,1150,2,1,27,11,1,0,2,0.16,7.4,0,1,0,0.08,14,12,0,5,0,2020,reg
3968,Jozy Altidore,TOR,F,13,10,746,2,1,28,14,1,1,1,0.24,7.1,0,1,0,0.12,12,12,5,3,0,2020,reg
3969,Ike Opara,MIN,D,2,2,180,2,0,2,2,0,0,2,1.0,100.0,0,0,0,0.0,6,2,0,0,0,2020,reg
3970,Tosaint Ricketts,VAN,F,16,5,456,2,0,5,2,2,1,1,0.39,40.0,0,0,0,0.0,8,6,3,0,0,2020,reg
3971,Jake Nerwinski,VAN,D,21,18,1700,2,0,5,4,1,2,0,0.11,40.0,0,0,0,0.0,14,12,0,0,0,2020,reg
3972,Russell Canouse,DC,M,15,15,1233,2,0,5,3,0,1,1,0.15,40.0,0,0,0,0.0,26,14,0,6,1,2020,reg
3973,Griffin Yow,DC,F,12,4,391,2,0,5,5,0,1,1,0.46,40.0,0,0,0,0.0,8,11,1,0,0,2020,reg
3974,Caden Clark,RBNY,M,7,3,280,2,0,5,2,1,0,2,0.64,40.0,0,0,0,0.0,9,5,0,0,0,2020,reg
3975,Federico Higuain,MIA,F,14,0,175,2,0,6,4,0,1,1,1.03,33.3,0,0,0,0.0,2,3,1,1,0,2020,reg
3976,Frederic Brillant,DC,D,19,18,1682,2,0,6,3,1,1,1,0.11,33.3,0,0,0,0.0,15,6,0,5,1,2020,reg
3977,Aaron Long,RBNY,D,16,15,1330,2,0,6,4,2,1,1,0.14,33.3,0,0,0,0.0,15,12,0,4,0,2020,reg
3978,CJ Sapong,CHI,F,11,4,472,2,0,8,3,0,2,0,0.38,25.0,0,0,0,0.0,10,13,1,1,0,2020,reg
3979,Alexander Callens,NYC,D,22,22,1934,2,0,9,3,0,1,1,0.09,22.2,0,0,0,0.0,28,15,0,6,0,2020,reg
3980,Cory Burke,PHI,F,5,0,110,2,0,9,5,1,2,0,1.64,22.2,0,0,0,0.0,5,0,0,0,0,2020,reg
3981,Amar Sejdic,MTL,M,14,7,684,2,0,12,5,0,1,1,0.26,16.7,0,0,0,0.0,10,4,0,1,0,2020,reg
3982,Julian Carranza,MIA,F,16,5,542,2,0,12,4,0,2,0,0.33,16.7,0,0,0,0.0,21,24,5,3,0,2020,reg
3983,Jhonder Cadiz,NSH,F,7,0,219,2,0,15,6,1,1,1,0.82,13.3,0,0,0,0.0,7,7,4,0,0,2020,reg
3984,Gelmin Rivas,DC,F,13,7,502,2,0,17,5,1,0,2,0.36,11.8,0,0,0,0.0,15,4,2,0,0,2020,reg
3985,Maynor Figueroa,HOU,D,20,19,1717,2,0,19,3,0,1,1,0.1,10.5,0,0,0,0.0,29,22,0,7,0,2020,reg
3986,Ethan Zubak,LA,F,15,11,787,2,0,19,7,1,1,1,0.23,10.5,0,0,0,0.0,14,6,11,2,0,2020,reg
3987,Douglas Martinez,RSL,F,18,9,837,2,0,20,8,0,1,1,0.22,10.0,0,0,0,0.0,18,15,4,2,1,2020,reg
3988,Javier Hernandez,LA,F,12,7,758,2,0,21,7,0,2,0,0.24,9.5,0,0,0,0.0,2,14,7,0,0,2020,reg
3989,Emanuel Reynoso,MIN,M,13,9,826,1,7,22,7,0,1,0,0.11,4.5,1,7,0,0.76,23,32,0,1,0,2020,reg
3990,Diego Chara,POR,M,20,20,1799,1,6,3,1,0,1,0,0.05,33.3,1,2,4,0.3,48,38,1,8,0,2020,reg
3991,Maikel Chang,RSL,M,19,12,1107,1,6,14,4,1,0,1,0.08,7.1,1,2,4,0.49,6,11,1,1,0,2020,reg
3992,Jan Gregus,MIN,M,18,18,1599,1,6,35,8,0,0,1,0.06,2.9,0,0,6,0.34,17,13,0,1,1,2020,reg
3993,Jorge Villafaña,POR,F,19,17,1550,1,5,3,1,0,0,1,0.06,33.3,3,2,3,0.29,11,17,2,2,0,2020,reg
3994,Michael Barrios,DAL,M,21,19,1681,1,5,35,10,0,1,0,0.05,2.9,3,4,1,0.27,25,26,1,5,0,2020,reg
3995,David Milinkovic,VAN,M,16,11,902,1,4,8,3,0,0,1,0.1,12.5,1,4,0,0.4,16,13,1,0,0,2020,reg
3996,Tommy Thompson,SJ,D,20,13,1125,1,4,10,4,0,0,1,0.08,10.0,0,2,2,0.32,5,22,2,2,0,2020,reg
3997,Francisco Ginella,LAFC,M,22,14,1159,1,4,10,5,1,1,0,0.08,10.0,1,4,0,0.31,12,10,0,3,0,2020,reg
3998,Dax McCarty,NSH,M,21,19,1678,1,4,11,4,1,1,0,0.05,9.1,1,3,1,0.21,25,21,0,5,0,2020,reg
3999,Maximiliano Moralez,NYC,M,13,10,875,1,4,13,7,1,1,0,0.1,7.7,1,2,2,0.41,10,24,4,0,0,2020,reg
4000,Darwin Ceren,HOU,M,20,18,1535,1,4,14,6,0,1,0,0.06,7.1,0,2,2,0.23,24,22,1,3,0,2020,reg
4001,Latif Blessing,LAFC,F,21,18,1720,1,4,15,6,0,0,1,0.05,6.7,0,4,0,0.21,37,48,4,4,0,2020,reg
4002,Matias Pellegrini,MIA,M,19,12,965,1,4,16,5,0,0,1,0.09,6.3,0,1,3,0.37,22,28,1,2,0,2020,reg
4003,Sam Vines,COL,D,18,18,1620,1,3,3,1,0,0,1,0.06,33.3,1,2,1,0.17,7,9,0,0,0,2020,reg
4004,Michael Baldisimo,VAN,M,13,7,703,1,3,4,3,0,1,0,0.13,25.0,1,2,1,0.38,10,5,0,5,0,2020,reg
4005,Julian Araujo,LA,D,17,17,1298,1,3,8,3,0,1,0,0.07,12.5,2,1,2,0.21,37,9,0,6,2,2020,reg
4006,Jonathan Osorio,TOR,M,17,17,1408,1,3,18,6,0,0,1,0.06,5.6,2,3,0,0.19,4,29,2,1,0,2020,reg
4007,Jose Cifuentes,LAFC,M,18,13,1150,1,3,34,10,0,1,0,0.08,2.9,1,1,2,0.23,23,16,0,4,0,2020,reg
4008,Gianluca Busio,SKC,M-F,19,15,1275,1,3,36,6,0,0,1,0.07,2.8,1,1,2,0.21,22,18,3,5,0,2020,reg
4009,Kai Wagner,PHI,D,14,14,1186,1,2,5,1,0,1,0,0.08,20.0,1,2,0,0.15,15,11,0,0,0,2020,reg
4010,Matthew Real,PHI,D,15,5,622,1,2,7,2,0,0,1,0.14,14.3,1,0,2,0.29,13,1,0,2,0,2020,reg
4011,Daniel Lovitz,NSH,D,21,21,1890,1,2,8,1,0,0,1,0.05,12.5,1,2,0,0.1,27,13,0,6,0,2020,reg
4012,Andy Polo,POR,M,16,7,750,1,2,9,2,0,1,0,0.12,11.1,1,1,1,0.24,5,8,1,0,0,2020,reg
4013,Orji Okwonkwo,MTL,M,13,5,488,1,2,10,7,0,0,1,0.18,10.0,1,0,2,0.37,14,9,8,0,0,2020,reg
4014,Harrison Afful,CLB,D,21,20,1795,1,2,11,3,0,0,1,0.05,9.1,0,1,1,0.1,30,14,3,5,0,2020,reg
4015,Yordy Reyna,DC,M-F,13,7,632,1,2,12,3,1,0,1,0.14,8.3,0,0,2,0.28,8,17,2,1,0,2020,reg
4016,Dave Romney,NSH,D,23,23,2070,1,2,12,3,0,0,1,0.04,8.3,1,1,1,0.09,9,3,0,1,0,2020,reg
4017,Derrick Etienne Jr.,CLB,M,21,8,891,1,2,13,2,1,1,0,0.1,7.7,1,2,0,0.2,12,30,5,0,0,2020,reg
4018,Keegan Rosenberry,COL,D,17,16,1361,1,2,14,5,1,1,0,0.07,7.1,0,1,1,0.13,17,6,1,0,0,2020,reg
4019,Francisco Calvo ,CHI,D,22,22,1911,1,2,16,3,0,0,1,0.05,6.3,0,0,2,0.09,30,6,2,6,1,2020,reg
4020,Andres Ricaurte,DAL,M,14,13,1112,1,2,17,6,0,1,0,0.08,5.9,0,1,1,0.16,16,45,0,1,0,2020,reg
4021,Efrain Alvarez,LA,M,16,6,718,1,2,17,4,0,0,1,0.13,5.9,0,2,0,0.25,3,3,0,0,0,2020,reg
4022,Nick DeLeon,TOR,M,21,9,924,1,2,21,4,0,1,0,0.1,4.8,2,0,2,0.19,12,11,5,2,0,2020,reg
4023,Heber,NYC,F,12,11,893,1,2,26,14,0,0,1,0.1,3.8,1,1,1,0.2,16,7,5,2,0,2020,reg
4024,Ignacio Aliseda,CHI,M,20,16,1402,1,2,26,6,0,1,0,0.06,3.8,0,2,0,0.13,12,25,3,1,0,2020,reg
4025,Eduard Atuesta,LAFC,M,17,14,1326,1,2,32,4,0,0,1,0.07,3.1,0,2,0,0.14,22,22,0,3,0,2020,reg
4026,Gonzalo Higuaín,MIA,F,9,9,802,1,2,35,12,1,0,1,0.11,2.9,0,1,1,0.22,6,9,8,0,1,2020,reg
4027,Ben Mines,RBNY,M,5,1,172,1,1,3,1,0,0,1,0.52,33.3,0,0,1,0.52,4,3,0,0,0,2020,reg
4028,Jacori Hayes,MIN,M,11,6,602,1,1,4,1,0,1,0,0.15,25.0,0,1,0,0.15,7,18,0,1,0,2020,reg
4029,Jonathan Bornstein,CHI,D,20,13,1141,1,1,4,3,0,0,1,0.08,25.0,1,1,0,0.08,12,16,0,2,0,2020,reg
4030,Darlington Nagbe,CLB,M,15,14,1199,1,1,5,3,0,1,0,0.08,20.0,0,1,0,0.08,16,26,0,1,0,2020,reg
4031,Mandela Egbo,RBNY,D,9,6,451,1,1,5,3,0,0,1,0.2,20.0,0,1,0,0.2,7,5,0,1,0,2020,reg
4032,Handwalla Bwana,NSH,M,7,2,217,1,1,5,3,0,0,1,0.41,20.0,0,1,0,0.41,4,1,0,0,0,2020,reg
4033,Larrys Mabiala,POR,D,17,15,1311,1,1,6,2,0,0,1,0.07,16.7,1,1,0,0.07,17,9,0,3,0,2020,reg
4034,Antonio Carlos,ORL,D,20,18,1634,1,1,8,2,0,1,0,0.06,12.5,0,0,1,0.06,15,13,0,2,0,2020,reg
4035,Patrick Mullins,TOR,F,16,4,416,1,1,8,4,1,0,1,0.22,12.5,0,1,0,0.22,8,3,4,1,0,2020,reg
4036,George Bello,ATL,D,20,19,1648,1,1,8,2,0,0,1,0.05,12.5,0,1,0,0.05,12,23,1,2,0,2020,reg
4037,Braian Galvan,COL,M,9,2,244,1,1,8,2,0,0,1,0.37,12.5,0,0,1,0.37,3,9,0,0,0,2020,reg
4038,Kekuta Manneh,NE,F,8,3,246,1,1,9,5,0,0,1,0.37,11.1,0,0,1,0.37,3,4,1,1,0,2020,reg
4039,Haris Medunjanin,CIN,M,21,19,1729,1,1,9,2,1,0,1,0.05,11.1,1,1,0,0.05,14,2,0,2,0,2020,reg
4040,Jake Mulraney,ATL,F,18,8,707,1,1,9,5,0,0,1,0.13,11.1,0,0,1,0.13,11,23,1,3,1,2020,reg
4041,Mason Toye,MTL,F,14,8,596,1,1,10,4,0,1,0,0.15,10.0,1,0,1,0.15,10,5,4,1,0,2020,reg
4042,Magnus Eriksson,SJ,F,5,5,450,1,1,10,1,0,1,0,0.2,10.0,0,0,1,0.2,4,6,0,1,0,2020,reg
4043,Lee Nguyen,NE,M,17,8,814,1,1,11,6,1,0,1,0.11,9.1,0,0,1,0.11,15,11,1,2,0,2020,reg
4044,Mohamed El-Munir,LAFC,D,12,4,596,1,1,11,2,0,1,0,0.15,9.1,0,1,0,0.15,15,9,1,2,0,2020,reg
4045,Eric Remedi,ATL,M,18,12,1161,1,1,11,1,0,0,1,0.08,9.1,1,1,0,0.08,19,45,1,4,0,2020,reg
4046,Bill Tuiloma,POR,D-M,12,9,824,1,1,12,3,0,0,1,0.11,8.3,0,0,1,0.11,9,8,0,0,0,2020,reg
4047,Will Bruin,SEA,F,15,5,558,1,1,13,4,0,1,0,0.16,7.7,0,0,1,0.16,4,10,4,1,0,2020,reg
4048,Cade Cowell,SJ,F,17,4,466,1,1,14,7,0,0,1,0.19,7.1,0,0,1,0.19,15,6,1,0,0,2020,reg
4049,Blaise Matuidi,MIA,M,15,14,1273,1,1,15,2,0,0,1,0.07,6.7,0,1,0,0.07,32,22,2,3,0,2020,reg
4050,Erick Torres,ATL,F,13,4,492,1,1,15,6,0,0,1,0.18,6.7,0,1,0,0.18,10,17,0,1,0,2020,reg
4051,Chase Gasper,MIN,D,18,16,1491,1,1,17,6,1,1,0,0.06,5.9,0,0,1,0.06,17,18,0,6,0,2020,reg
4052,Dominique Badji,NSH,F,12,10,750,1,1,18,5,0,1,0,0.12,5.6,0,1,0,0.12,16,9,7,1,0,2020,reg
4053,Nicolas Mezquida,COL,F-M,17,2,463,1,1,18,7,0,1,0,0.19,5.6,0,0,1,0.19,5,7,0,1,0,2020,reg
4054,Samuel Piette,MTL,M,22,22,1943,1,1,19,6,1,0,1,0.05,5.3,0,0,1,0.05,35,24,0,3,1,2020,reg
4055,Jesus Ferreira,DAL,F,19,13,979,1,1,19,7,1,1,0,0.09,5.3,1,1,0,0.09,6,9,2,3,0,2020,reg
4056,Hassani Dotson,MIN,M-D,18,12,1211,1,1,19,7,0,0,1,0.07,5.3,0,1,0,0.07,22,17,0,2,0,2020,reg
4057,Jackson Yueill,SJ,M,21,21,1861,1,1,20,8,1,0,1,0.05,5.0,1,0,1,0.05,22,21,0,5,1,2020,reg
4058,Graham Zusi,SKC,M,15,14,1224,1,1,21,4,1,1,0,0.07,4.8,1,1,0,0.07,14,9,1,0,0,2020,reg
4059,Pablo Ruiz,RSL,M,18,15,1328,1,1,33,8,0,1,0,0.07,3.0,1,1,0,0.07,19,6,0,4,0,2020,reg
4060,Paxton Pomykal,DAL,M,5,1,150,1,0,1,1,0,1,0,0.6,100.0,0,0,0,0.0,1,5,0,1,0,2020,reg
4061,Andreu Fontas,SKC,D,3,3,270,1,0,1,1,0,1,0,0.33,100.0,0,0,0,0.0,0,2,0,0,0,2020,reg
4062,Andres Flores,POR,M,4,3,188,1,0,1,1,0,0,1,0.48,100.0,0,0,0,0.0,2,3,1,0,0,2020,reg
4063,Mikey Ambrose,MIA,D,6,3,302,1,0,1,1,0,1,0,0.3,100.0,0,0,0,0.0,3,2,0,0,0,2020,reg
4064,Matheus Aias,ORL,F,4,0,18,1,0,1,1,0,1,0,5.0,100.0,0,0,0,0.0,0,0,0,0,0,2020,reg
4065,Achara,TOR,F,1,1,89,1,0,2,2,1,1,0,1.01,50.0,0,0,0,0.0,1,1,1,0,0,2020,reg
4066,Kai Koreniuk,LA,M,4,0,12,1,0,2,2,1,1,0,7.5,50.0,0,0,0,0.0,0,0,1,0,0,2020,reg
4067,Tony Rocha,NYC,M,11,0,51,1,0,3,1,0,1,0,1.76,33.3,0,0,0,0.0,4,2,0,0,0,2020,reg
4068,Chris Odoi-Atsem,DC,D,15,8,769,1,0,3,2,1,0,1,0.12,33.3,0,0,0,0.0,6,8,0,2,0,2020,reg
4069,Giancarlo Gonzalez,LA,D,10,9,754,1,0,3,2,0,1,0,0.12,33.3,0,0,0,0.0,11,1,0,1,1,2020,reg
4070,Dejan Jakovic,LAFC,D,16,12,1075,1,0,3,1,1,1,0,0.08,33.3,0,0,0,0.0,8,6,0,2,0,2020,reg
4071,Krisztian Nemeth,CLB,F,4,2,186,1,0,3,1,1,1,0,0.48,33.3,0,0,0,0.0,4,4,0,0,0,2020,reg
4072,Winston Reid,SKC,D,10,8,728,1,0,3,2,1,1,0,0.12,33.3,0,0,0,0.0,11,7,0,2,0,2020,reg
4073,Christian Torres,LAFC,F,8,2,212,1,0,3,1,0,0,1,0.42,33.3,0,0,0,0.0,3,0,2,1,0,2020,reg
4074,Drew Moor,COL,D,8,5,487,1,0,4,2,1,1,0,0.18,25.0,0,0,0,0.0,4,7,1,2,0,2020,reg
4075,Lalas Abubakar,COL,D,17,17,1515,1,0,4,1,0,1,0,0.06,25.0,0,0,0,0.0,21,4,1,5,0,2020,reg
4076,Paul Marie,SJ,D,12,4,353,1,0,4,2,0,1,0,0.25,25.0,0,0,0,0.0,4,3,0,1,0,2020,reg
4077,Sam Junqua,HOU,D,9,2,250,1,0,5,3,0,1,0,0.36,20.0,0,0,0,0.0,5,2,0,0,0,2020,reg
4078,Julio Cascante,POR,D,5,4,405,1,0,5,2,0,0,1,0.22,20.0,0,0,0,0.0,5,6,0,0,0,2020,reg
4079,Justen Glad,RSL,D,17,14,1279,1,0,6,3,0,1,0,0.07,16.7,0,0,0,0.0,33,7,2,5,0,2020,reg
4080,Sam Johnson,RSL,F,10,3,330,1,0,6,1,0,0,1,0.27,16.7,0,0,0,0.0,12,2,2,3,0,2020,reg
4081,Theo Bair,VAN,F,16,6,446,1,0,6,3,0,1,0,0.2,16.7,0,0,0,0.0,5,1,1,0,0,2020,reg
4082,Ballou Jean-Yves Tabla,MTL,F,5,0,100,1,0,6,2,0,1,0,0.9,16.7,0,0,0,0.0,0,3,0,0,0,2020,reg
4083,Giuseppe Rossi,RSL,F,7,1,172,1,0,6,3,0,0,1,0.52,16.7,0,0,0,0.0,2,2,1,0,0,2020,reg
4084,David Accam,NSH,F,7,2,206,1,0,6,3,1,0,1,0.44,16.7,0,0,0,0.0,7,4,0,0,0,2020,reg
4085,Rudy Camacho,MTL,D,14,14,1189,1,0,7,1,1,0,1,0.08,14.3,0,0,0,0.0,25,5,0,2,1,2020,reg
4086,Fatai Alashe,CLB,M,11,6,464,1,0,8,1,0,0,1,0.19,12.5,0,0,0,0.0,13,11,0,3,0,2020,reg
4087,Jakob Glesnes,PHI,D,19,17,1493,1,0,8,2,0,0,1,0.06,12.5,0,0,0,0.0,15,8,0,4,0,2020,reg
4088,Allan Cruz,CIN,M,14,8,751,1,0,8,2,0,0,1,0.12,12.5,0,0,0,0.0,13,15,1,2,0,2020,reg
4089,Daniel Steres ,LA,D,20,20,1800,1,0,9,3,0,1,0,0.05,11.1,0,0,0,0.0,17,8,2,3,0,2020,reg
4090,Joe Corona,LA,M,16,12,986,1,0,10,6,1,0,1,0.09,10.0,0,0,0,0.0,21,10,0,2,1,2020,reg
4091,Nick Hagglund,CIN,D,11,8,744,1,0,10,3,1,1,0,0.12,10.0,0,0,0,0.0,13,4,0,2,0,2020,reg
4092,Jack Elliott,PHI,D,17,10,981,1,0,10,6,0,1,0,0.09,10.0,0,0,0,0.0,18,7,0,2,0,2020,reg
4093,Jose Aja,MIN,D,13,12,1071,1,0,11,3,0,1,0,0.08,9.1,0,0,0,0.0,23,3,1,6,0,2020,reg
4094,Tsubasa Endoh,TOR,M,17,7,615,1,0,11,4,0,0,1,0.15,9.1,0,0,0,0.0,6,20,1,1,0,2020,reg
4095,Danny Hoesen,SJ,F,8,3,249,1,0,11,3,0,0,1,0.36,9.1,0,0,0,0.0,4,0,1,1,0,2020,reg
4096,Henry Kessler,NE,D,22,19,1823,1,0,12,2,0,1,0,0.05,8.3,0,0,0,0.0,13,13,0,2,0,2020,reg
4097,Aaron Schoenfeld ,MIN,F,14,3,390,1,0,14,4,1,0,1,0.23,7.1,0,0,0,0.0,7,10,1,0,0,2020,reg
4098,Erik Sorga,DC,F,17,6,668,1,0,16,4,1,0,1,0.13,6.3,0,0,0,0.0,9,13,1,1,0,2020,reg
4099,Frankie Amaya,CIN,M,21,21,1737,1,0,21,6,1,0,1,0.05,4.8,0,0,0,0.0,39,36,0,7,0,2020,reg
4100,Joseph-Claude Gyau,CIN,M,21,20,1796,1,0,21,8,0,0,1,0.05,4.8,0,0,0,0.0,25,43,3,3,0,2020,reg
4101,Diego Fagundez,NE,M,19,9,966,1,0,21,5,0,1,0,0.09,4.8,0,0,0,0.0,15,7,0,2,0,2020,reg
4102,Anibal Godoy,NSH,M-D,20,18,1494,1,0,23,8,1,1,0,0.06,4.3,0,0,0,0.0,32,51,0,4,0,2020,reg
4103,Jurgen Locadia,CIN,F,17,15,1364,1,0,51,14,0,0,1,0.07,2.0,0,0,0,0.0,19,29,12,0,0,2020,reg
4104,Jack Price,COL,M,16,14,1318,0,5,5,2,0,0,0,0.0,0.0,2,4,1,0.34,13,5,1,4,1,2020,reg
4105,Andrew Wooten,PHI,F,16,4,447,0,4,3,1,0,0,0,0.0,0.0,2,1,3,0.81,3,4,5,0,0,2020,reg
4106,Romain Metanire,MIN,D,20,20,1786,0,4,6,2,0,0,0,0.0,0.0,1,2,2,0.2,22,24,0,5,1,2020,reg
4107,Ruan,ORL,D,21,18,1597,0,4,7,2,0,0,0,0.0,0.0,1,3,1,0.23,19,27,4,4,0,2020,reg
4108,Jurgen Damm,ATL,M,14,7,635,0,4,8,1,0,0,0,0.0,0.0,1,2,2,0.57,5,5,2,1,0,2020,reg
4109,Cristian Penilla,NE,F,17,10,962,0,4,19,6,0,0,0,0.0,0.0,1,1,3,0.37,14,20,0,0,0,2020,reg
4110,Emanuel Maciel,MTL,M,11,10,780,0,3,1,0,0,0,0,0.0,0.0,0,2,1,0.35,6,3,0,2,1,2020,reg
4111,Zarek Valentin,HOU,D,19,18,1621,0,3,2,0,0,0,0,0.0,0.0,2,2,1,0.17,6,2,0,0,0,2020,reg
4112,Bryan Reynolds,DAL,D,17,14,1267,0,3,4,1,0,0,0,0.0,0.0,2,2,1,0.21,21,15,0,2,0,2020,reg
4113,Raheem Edwards,MIN,M,12,2,259,0,3,5,0,0,0,0,0.0,0.0,1,1,2,1.04,8,6,0,0,0,2020,reg
4114,Milton Valenzuela,CLB,D,19,17,1448,0,3,9,1,0,0,0,0.0,0.0,2,2,1,0.19,19,10,1,4,0,2020,reg
4115,Nicolas Benezet,COL,F,12,5,491,0,3,9,3,0,0,0,0.0,0.0,0,2,1,0.55,9,15,3,1,0,2020,reg
4116,Victor Ulloa,MIA,M,23,17,1434,0,3,10,1,0,0,0,0.0,0.0,0,2,1,0.19,23,17,1,1,0,2020,reg
4117,Alexander Buttner,NE,D,17,15,1251,0,3,14,1,0,0,0,0.0,0.0,2,0,3,0.22,11,28,0,0,0,2020,reg
4118,Edison Flores,DC,M,13,11,872,0,3,15,4,0,0,0,0.0,0.0,0,1,2,0.31,11,8,4,1,0,2020,reg
4119,Gaston Gimenez,CHI,M,18,17,1557,0,3,21,7,0,0,0,0.0,0.0,3,3,0,0.17,26,14,1,2,0,2020,reg
4120,Luis Diaz,CLB,M,21,14,1178,0,3,31,13,0,0,0,0.0,0.0,2,2,1,0.23,22,41,6,5,0,2020,reg
4121,Cristian Gutierrez,VAN,D,12,7,665,0,2,0,0,0,0,0,0.0,0.0,1,2,0,0.27,4,8,1,1,0,2020,reg
4122,Matt Polster,NE,D,15,8,756,0,2,2,0,0,0,0,0.0,0.0,0,1,1,0.24,17,8,0,4,1,2020,reg
4123,Emiliano Insua,LA,D,22,22,1891,0,2,2,0,0,0,0,0.0,0.0,2,2,0,0.1,13,11,0,2,0,2020,reg
4124,Xavier Arreaga,SEA,D,14,13,1147,0,2,3,1,0,0,0,0.0,0.0,0,1,1,0.16,14,15,0,4,0,2020,reg
4125,Olivier Mbaizo,PHI,D,14,12,1057,0,2,3,2,0,0,0,0.0,0.0,1,2,0,0.17,22,10,3,4,0,2020,reg
4126,Jaylin Lindsey,SKC,D,12,11,1059,0,2,6,0,0,0,0,0.0,0.0,0,0,2,0.17,7,9,2,1,0,2020,reg
4127,Rolf Feltscher,LA,D,17,13,1247,0,2,6,1,0,0,0,0.0,0.0,0,2,0,0.14,16,10,1,2,0,2020,reg
4128,Luis Martins,SKC,D,11,9,773,0,2,6,3,0,0,0,0.0,0.0,1,1,1,0.23,11,3,0,1,0,2020,reg
4129,Carles Gil,NE,F,6,4,366,0,2,7,2,0,0,0,0.0,0.0,1,1,1,0.49,3,14,1,0,0,2020,reg
4130,Franco Escobar,ATL,D,16,16,1376,0,2,7,0,0,0,0,0.0,0.0,0,0,2,0.13,24,24,0,8,1,2020,reg
4131,Joao Moutinho,ORL,D,8,8,685,0,2,7,1,0,0,0,0.0,0.0,0,2,0,0.26,9,5,0,4,0,2020,reg
4132,Jared Stroud,RBNY,M,20,11,925,0,2,8,0,0,0,0,0.0,0.0,0,1,1,0.19,12,21,1,1,0,2020,reg
4133,Jason Pendant,RBNY,D,20,17,1612,0,2,8,0,0,0,0,0.0,0.0,0,1,1,0.11,18,10,0,2,0,2020,reg
4134,Derrick Jones,NSH,M,18,9,912,0,2,9,3,0,0,0,0.0,0.0,1,2,0,0.2,14,21,0,2,0,2020,reg
4135,Nouhou Tolo,SEA,D,22,16,1402,0,2,10,3,0,0,0,0.0,0.0,1,0,2,0.13,21,21,1,1,0,2020,reg
4136,Adrien Regattin,CIN,M,10,7,630,0,2,10,3,0,0,0,0.0,0.0,1,0,2,0.29,6,11,2,0,0,2020,reg
4137,Ben Sweat,MIA,D,22,20,1675,0,2,10,5,0,0,0,0.0,0.0,1,2,0,0.11,19,8,1,6,0,2020,reg
4138,Felipe,DC,M,7,7,630,0,2,11,3,0,0,0,0.0,0.0,0,0,2,0.29,10,23,0,4,0,2020,reg
4139,Marvin Loria,POR,M,17,9,712,0,2,15,6,0,0,0,0.0,0.0,0,1,1,0.25,10,15,3,0,0,2020,reg
4140,Ronald Matarrita,NYC,D,21,19,1649,0,2,16,3,0,0,0,0.0,0.0,0,1,1,0.11,31,10,2,2,0,2020,reg
4141,Andres Perea,ORL,M,23,11,1190,0,2,16,3,0,0,0,0.0,0.0,0,1,1,0.15,21,12,0,3,0,2020,reg
4142,Bryan Acosta,DAL,M,11,10,759,0,2,17,8,0,0,0,0.0,0.0,0,1,1,0.24,23,8,1,2,1,2020,reg
4143,Alex Muyl,NSH,M,20,15,1152,0,2,17,5,0,0,0,0.0,0.0,1,0,2,0.16,30,21,2,1,0,2020,reg
4144,Thomas McNamara,NE,M,18,13,1043,0,2,18,3,0,0,0,0.0,0.0,1,0,2,0.17,12,17,0,2,0,2020,reg
4145,Jose Andres Martinez,PHI,M,14,14,1148,0,2,20,3,0,0,0,0.0,0.0,0,2,0,0.16,31,21,0,7,0,2020,reg
4146,Ryan Raposo,VAN,M,15,2,375,0,1,0,0,0,0,0,0.0,0.0,1,0,1,0.24,3,10,4,1,0,2020,reg
4147,Wyatt Omsberg,CHI,D,5,2,185,0,1,0,0,0,0,0,0.0,0.0,0,1,0,0.49,2,2,0,0,0,2020,reg
4148,Mustafa Kizza,MTL,D,1,0,19,0,1,0,0,0,0,0,0.0,0.0,1,0,1,4.74,0,0,0,0,0,2020,reg
4149,Gordon Wild,LA,F,3,0,30,0,1,0,0,0,0,0,0.0,0.0,0,1,0,3.0,1,2,1,0,0,2020,reg
4150,Andy Najar,LAFC,D,8,1,180,0,1,0,0,0,0,0,0.0,0.0,0,1,0,0.5,4,1,1,1,0,2020,reg
4151,Chris Cadden,CLB,D-M,8,3,353,0,1,0,0,0,0,0,0.0,0.0,1,1,0,0.25,4,4,0,1,0,2020,reg
4152,Greg Garza,CIN,D,9,7,512,0,1,1,0,0,0,0,0.0,0.0,0,0,1,0.18,5,5,0,1,0,2020,reg
4153,Dom Dwyer,ORL,F,2,2,124,0,1,1,0,0,0,0,0.0,0.0,1,1,0,0.73,7,1,1,0,0,2020,reg
4154,Hector Jimenez,CLB,M,8,4,376,0,1,1,0,0,0,0,0.0,0.0,0,0,1,0.24,4,2,0,1,0,2020,reg
4155,Jeremy Kelly,COL,D,8,2,246,0,1,1,0,0,0,0,0.0,0.0,0,0,1,0.37,2,4,0,0,0,2020,reg
4156,Mo Adams,ATL,M,13,9,778,0,1,1,0,0,0,0,0.0,0.0,0,1,0,0.12,25,6,0,3,0,2020,reg
4157,Taylor Washington,NSH,D,14,2,389,0,1,1,0,0,0,0,0.0,0.0,1,0,1,0.23,5,3,3,1,0,2020,reg
4158,Amadou Dia,SKC,D,12,9,847,0,1,1,0,0,0,0,0.0,0.0,1,1,0,0.11,10,6,1,3,0,2020,reg
4159,Mahala Opoku,LAFC,F,3,0,52,0,1,1,0,0,0,0,0.0,0.0,0,0,1,1.73,1,2,0,1,0,2020,reg
4160,Sean Nealis,RBNY,D,6,5,453,0,1,2,0,0,0,0,0.0,0.0,0,1,0,0.2,7,3,0,2,0,2020,reg
4161,Moses Nyeman,DC,M,11,5,490,0,1,2,0,0,0,0,0.0,0.0,0,0,1,0.18,9,12,0,2,0,2020,reg
4162,Tim Parker,RBNY,D,19,18,1620,0,1,2,1,0,0,0,0.0,0.0,1,1,0,0.06,16,11,1,2,1,2020,reg
4163,John Nelson,DAL,D,11,8,705,0,1,2,1,0,0,0,0.0,0.0,0,0,1,0.13,0,3,0,0,0,2020,reg
4164,Eric Calvillo,SJ,M,6,1,184,0,1,2,1,0,0,0,0.0,0.0,0,1,0,0.49,2,3,0,0,0,2020,reg
4165,Tony Gallacher,TOR,D,9,5,464,0,1,2,0,0,0,0,0.0,0.0,0,1,0,0.19,1,3,0,0,0,2020,reg
4166,Joel Waterman,MTL,D,7,6,549,0,1,2,0,0,0,0,0.0,0.0,0,1,0,0.16,4,3,0,1,0,2020,reg
4167,Jordan Harvey,LAFC,D,11,8,757,0,1,2,0,0,0,0,0.0,0.0,0,0,1,0.12,12,8,0,4,0,2020,reg
4168,Jesus David Murillo,LAFC,D,5,5,405,0,1,2,0,0,0,0,0.0,0.0,1,1,0,0.22,5,1,0,1,0,2020,reg
4169,Emmanuel Boateng,CLB,M,10,3,323,0,1,3,1,0,0,0,0.0,0.0,0,0,1,0.28,3,3,1,2,0,2020,reg
4170,Jordy Delem,SEA,M,17,9,737,0,1,3,0,0,0,0,0.0,0.0,0,0,1,0.12,13,14,0,2,0,2020,reg
4171,Jorge Corrales,MTL,D,14,12,1069,0,1,3,0,0,0,0,0.0,0.0,0,0,1,0.08,13,16,2,3,0,2020,reg
4172,Roberto Puncec,SKC,D,20,18,1675,0,1,3,1,0,0,0,0.0,0.0,0,0,1,0.05,30,6,0,2,0,2020,reg
4173,Alex Roldan,SEA,M,18,3,571,0,1,3,0,0,0,0,0.0,0.0,0,0,1,0.16,11,7,0,1,0,2020,reg
4174,Auston Trusty,COL,D,8,5,525,0,1,3,1,0,0,0,0.0,0.0,0,1,0,0.17,7,3,0,0,0,2020,reg
4175,Inbeom Hwang,VAN,M,5,5,450,0,1,3,0,0,0,0,0.0,0.0,0,1,0,0.2,2,6,0,0,0,2020,reg
4176,Diego Palacios,LAFC,D,16,15,1230,0,1,4,0,0,0,0,0.0,0.0,0,0,1,0.07,14,19,1,2,0,2020,reg
4177,Pablo Bonilla,POR,D,12,10,888,0,1,4,0,0,0,0,0.0,0.0,0,1,0,0.1,17,15,0,4,0,2020,reg
4178,Alistair Johnston,NSH,D,18,15,1366,0,1,4,3,0,0,0,0.0,0.0,1,1,0,0.07,23,8,0,2,1,2020,reg
4179,Joseph Mora,DC,D,21,19,1585,0,1,4,0,0,0,0,0.0,0.0,1,0,1,0.06,16,5,2,3,0,2020,reg
4180,Auro,TOR,D,18,17,1493,0,1,4,3,0,0,0,0.0,0.0,0,0,1,0.06,19,5,1,5,0,2020,reg
4181,Reggie Cannon,DAL,D,5,5,450,0,1,4,2,0,0,0,0.0,0.0,0,1,0,0.2,4,13,0,1,0,2020,reg
4182,Josh Williams,CLB,D,12,11,1021,0,1,4,2,0,0,0,0.0,0.0,1,1,0,0.09,6,6,0,1,0,2020,reg
4183,Andy Rose,VAN,M,13,10,854,0,1,4,2,0,0,0,0.0,0.0,1,1,0,0.11,6,1,0,2,1,2020,reg
4184,Bressan,DAL,D,18,11,1167,0,1,4,1,0,0,0,0.0,0.0,0,0,1,0.08,9,12,0,4,0,2020,reg
4185,Raymon Gaddis,PHI,D,15,15,1271,0,1,5,1,0,0,0,0.0,0.0,1,1,0,0.07,10,7,1,3,0,2020,reg
4186,Russell Teibert,VAN,M,20,19,1585,0,1,5,4,0,0,0,0.0,0.0,1,1,0,0.06,14,13,0,3,0,2020,reg
4187,Gudmundur Thórarinsson,NYC,D,19,7,683,0,1,5,1,0,0,0,0.0,0.0,0,1,0,0.13,7,6,0,1,0,2020,reg
4188,James Sands,NYC,M,16,16,1409,0,1,5,0,0,0,0,0.0,0.0,0,1,0,0.06,34,30,0,6,0,2020,reg
4189,Kevin Paredes,DC,M,17,9,944,0,1,5,3,0,0,0,0.0,0.0,1,0,1,0.1,17,21,1,1,0,2020,reg
4190,Sean Davis,RBNY,M,14,13,1086,0,1,6,2,0,0,0,0.0,0.0,1,1,0,0.08,15,14,0,1,0,2020,reg
4191,Steven Birnbaum,DC,D,10,10,900,0,1,7,0,0,0,0,0.0,0.0,0,0,1,0.1,16,5,0,1,0,2020,reg
4192,Anton Walkes,ATL,D,17,15,1335,0,1,7,3,0,0,0,0.0,0.0,0,0,1,0.07,4,2,0,2,0,2020,reg
4193,Donny Toia,RSL,D,20,19,1674,0,1,7,0,0,0,0,0.0,0.0,0,1,0,0.05,26,9,0,4,0,2020,reg
4194,Marc Rzatkowski,RBNY,M,16,7,698,0,1,7,3,0,0,0,0.0,0.0,0,0,1,0.13,11,12,1,1,0,2020,reg
4195,Ilie Sanchez,SKC,M,15,13,1259,0,1,7,1,0,0,0,0.0,0.0,0,0,1,0.07,14,9,0,4,0,2020,reg
4196,Chris Mavinga,TOR,D,19,17,1515,0,1,7,1,0,0,0,0.0,0.0,1,1,0,0.06,12,10,0,1,0,2020,reg
4197,Michael Bradley,TOR,M,12,11,1060,0,1,7,2,0,0,0,0.0,0.0,0,1,0,0.08,8,11,0,2,0,2020,reg
4198,Matt Hedges,DAL,D,19,18,1538,0,1,8,2,0,0,0,0.0,0.0,0,1,0,0.06,9,3,0,0,0,2020,reg
4199,Thiago Santos,DAL,M,20,19,1623,0,1,8,0,0,0,0,0.0,0.0,0,1,0,0.06,41,47,0,8,0,2020,reg
4200,Felipe Hernandez,SKC,M,16,8,778,0,1,8,0,0,0,0,0.0,0.0,0,1,0,0.12,12,7,0,0,0,2020,reg
4201,Kyle Smith,ORL,D,16,11,1026,0,1,8,5,0,0,0,0.0,0.0,0,1,0,0.09,25,7,1,2,0,2020,reg
4202,Nick DePuy,LA,D,16,15,1409,0,1,9,3,0,0,0,0.0,0.0,0,0,1,0.06,22,5,0,4,0,2020,reg
4203,Zachary Brault-Guillard,MTL,D,21,19,1789,0,1,10,0,0,0,0,0.0,0.0,0,0,1,0.05,16,8,1,2,0,2020,reg
4204,Junior Moreno,DC,M,20,20,1721,0,1,10,3,0,0,0,0.0,0.0,0,0,1,0.05,21,9,0,5,1,2020,reg
4205,Leonard Owusu,VAN,M,20,14,1301,0,1,10,0,0,0,0,0.0,0.0,0,1,0,0.07,21,17,0,1,0,2020,reg
4206,Miguel Angel Navarro,CHI,D,19,10,971,0,1,11,1,0,0,0,0.0,0.0,0,1,0,0.09,18,13,0,1,0,2020,reg
4207,Marky Delgado,TOR,M,19,18,1448,0,1,11,4,0,0,0,0.0,0.0,0,1,0,0.06,16,19,1,1,0,2020,reg
4208,Robbie Robinson,MIA,F,12,4,426,0,1,11,2,0,0,0,0.0,0.0,0,0,1,0.21,12,9,8,1,0,2020,reg
4209,Yony Gonzalez,LA,M,9,7,481,0,1,13,6,0,0,0,0.0,0.0,0,0,1,0.19,6,20,2,0,0,2020,reg
4210,Brandon Bye,NE,D,22,18,1636,0,1,13,2,0,0,0,0.0,0.0,0,1,0,0.06,16,11,1,2,0,2020,reg
4211,Tanner Tessmann,DAL,M,19,9,1001,0,1,16,4,0,0,0,0.0,0.0,0,1,0,0.09,7,7,0,0,0,2020,reg
4212,Aaron Herrera,RSL,D,20,20,1796,0,1,17,2,0,0,0,0.0,0.0,0,1,0,0.05,27,10,0,6,0,2020,reg
4213,Elliot Collier,CHI,F,21,2,519,0,1,20,7,0,0,0,0.0,0.0,0,1,0,0.17,11,4,2,0,0,2020,reg
4214,Mark Segbers,LFC,D,0,0,0,0,0,0,0,0,0,0,0.0,0.0,0,0,0,0.0,0,0,0,0,0,2020,reg
4215,Luis Argudo,MCF,M,1,0,11,0,0,0,0,0,0,0,0.0,0.0,0,0,0,0.0,1,0,0,0,0,2020,reg
4216,Kevin Partida,MIN,M,0,0,0,0,0,0,0,0,0,0,0.0,0.0,0,0,0,0.0,0,0,0,0,0,2020,reg
4217,Georges Mukumbilwa,VAN,D-M,0,0,0,0,0,0,0,0,0,0,0.0,0.0,0,0,0,0.0,0,0,0,0,0,2020,reg
4218,Juan Pablo Torres,NYC,M,2,0,2,0,0,0,0,0,0,0,0.0,0.0,0,0,0,0.0,0,0,0,0,0,2020,reg
4219,Griffin Dorsey,TOR,M,1,0,4,0,0,0,0,0,0,0,0.0,0.0,0,0,0,0.0,0,1,0,0,0,2020,reg
4220,Aboubacar Keita,CLB,D,11,10,942,0,0,0,0,0,0,0,0.0,0.0,0,0,0,0.0,6,12,1,1,0,2020,reg
4221,Denso Ulysse,MIA,D,0,0,0,0,0,0,0,0,0,0,0.0,0.0,0,0,0,0.0,0,0,0,0,0,2020,reg
4222,Patrick Metcalfe,VAN,M,7,2,200,0,0,0,0,0,0,0,0.0,0.0,0,0,0,0.0,2,4,0,0,0,2020,reg
4223,Julian Dunn,TOR,D,0,0,0,0,0,0,0,0,0,0,0.0,0.0,0,0,0,0.0,0,0,0,0,0,2020,reg
4224,Noble Okello,TOR,M,1,0,22,0,0,0,0,0,0,0,0.0,0.0,0,0,0,0.0,1,0,0,0,0,2020,reg
4225,Collin Verfuth,NE,D,0,0,0,0,0,0,0,0,0,0,0.0,0.0,0,0,0,0.0,0,0,0,0,0,2020,reg
4226,JJ Williams,ATL,F,1,0,6,0,0,0,0,0,0,0,0.0,0.0,0,0,0,0.0,0,0,0,0,1,2020,reg
4227,David Norman Jr.,MIA,M,0,0,0,0,0,0,0,0,0,0,0.0,0.0,0,0,0,0.0,0,0,0,0,0,2020,reg
4228,Hassan Ndam,CIN,D,0,0,0,0,0,0,0,0,0,0,0.0,0.0,0,0,0,0.0,0,0,0,0,0,2020,reg
4229,Eddie Munjoma,DAL,D,0,0,0,0,0,0,0,0,0,0,0.0,0.0,0,0,0,0.0,0,0,0,0,0,2020,reg
4230,Milan Iloski,RSL,F,1,0,1,0,0,0,0,0,0,0,0.0,0.0,0,0,0,0.0,0,0,0,0,0,2020,reg
4231,Lagos Kunga,ATL,F,0,0,0,0,0,0,0,0,0,0,0.0,0.0,0,0,0,0.0,0,0,0,0,0,2020,reg
4232,Niki Jackson,COL,F,0,0,0,0,0,0,0,0,0,0,0.0,0.0,0,0,0,0.0,0,0,0,0,0,2020,reg
4233,Miguel Nazarit,NSH,D,0,0,0,0,0,0,0,0,0,0,0.0,0.0,0,0,0,0.0,0,0,0,0,0,2020,reg
4234,Wan Kuzain Wan Kamal,SKC,M,0,0,0,0,0,0,0,0,0,0,0.0,0.0,0,0,0,0.0,0,0,0,0,0,2020,reg
4235,Matt Hundley,COL,F,0,0,0,0,0,0,0,0,0,0,0.0,0.0,0,0,0,0.0,0,0,0,0,0,2020,reg
4236,Blake Bodily,POR,M,0,0,0,0,0,0,0,0,0,0,0.0,0.0,0,0,0,0.0,0,0,0,0,0,2020,reg
4237,David Loera,ORL,M,2,0,15,0,0,0,0,0,0,0,0.0,0.0,0,0,0,0.0,0,1,0,0,0,2020,reg
4238,Matej Oravec,PHI,M,0,0,0,0,0,0,0,0,0,0,0.0,0.0,0,0,0,0.0,0,0,0,0,0,2020,reg
4239,Grant Lillard,CLB,D,0,0,0,0,0,0,0,0,0,0,0.0,0.0,0,0,0,0.0,0,0,0,0,0,2020,reg
4240,Christian Makoun,MIA,D,4,2,187,0,0,0,0,0,0,0,0.0,0.0,0,0,0,0.0,1,1,0,0,0,2020,reg
4241,Jeremiah Gutjahr,CHI,M,0,0,0,0,0,0,0,0,0,0,0.0,0.0,0,0,0,0.0,0,0,0,0,0,2020,reg
4242,Kortne Ford,COL,D,0,0,0,0,0,0,0,0,0,0,0.0,0.0,0,0,0,0.0,0,0,0,0,0,2020,reg
4243,Francis Atuahene,DAL,F,0,0,0,0,0,0,0,0,0,0,0.0,0.0,0,0,0,0.0,0,0,0,0,0,2020,reg
4244,Patrick Seagrist,RBNY,D,3,3,246,0,0,0,0,0,0,0,0.0,0.0,0,0,0,0.0,4,0,0,1,0,2020,reg
4245,Chris Lema,RBNY,M,0,0,0,0,0,0,0,0,0,0,0.0,0.0,0,0,0,0.0,0,0,0,0,0,2020,reg
4246,Luiz Fernando,ATL,M,0,0,0,0,0,0,0,0,0,0,0.0,0.0,0,0,0,0.0,0,0,0,0,0,2020,reg
4247,Rocco Romeo,TOR,D,0,0,0,0,0,0,0,0,0,0,0.0,0.0,0,0,0,0.0,0,0,0,0,0,2020,reg
4248,Shamit Shome,MTL,M,12,4,282,0,0,0,0,0,0,0,0.0,0.0,0,0,0,0.0,3,2,0,0,0,2020,reg
4249,Isaac Angking,NE,M,0,0,0,0,0,0,0,0,0,0,0.0,0.0,0,0,0,0.0,0,0,0,0,0,2020,reg
4250,Luis Arriaga,RSL,F,0,0,0,0,0,0,0,0,0,0,0.0,0.0,0,0,0,0.0,0,0,0,0,0,2020,reg
4251,Marcelo Palomino,HOU,M,3,0,21,0,0,0,0,0,0,0,0.0,0.0,0,0,0,0.0,0,2,0,0,0,2020,reg
4252,Nicolas Firmino,NE,M,0,0,0,0,0,0,0,0,0,0,0.0,0.0,0,0,0,0.0,0,0,0,0,0,2020,reg
4253,Wilson Harris,SKC,F,0,0,0,0,0,0,0,0,0,0,0.0,0.0,0,0,0,0.0,0,0,0,0,0,2020,reg
4254,Alvin Jones,RSL,D,0,0,0,0,0,0,0,0,0,0,0.0,0.0,0,0,0,0.0,0,0,0,0,0,2020,reg
4255,Harry Shipp,SEA,M,2,0,38,0,0,0,0,0,0,0,0.0,0.0,0,0,0,0.0,0,0,1,0,0,2020,reg
4256,Tommy McCabe,CIN,M,1,0,12,0,0,0,0,0,0,0,0.0,0.0,0,0,0,0.0,0,0,0,0,0,2020,reg
4257,Foster Langsdorf,MIN,M,1,0,10,0,0,0,0,0,0,0,0.0,0.0,0,0,0,0.0,0,0,0,0,0,2020,reg
4258,Renzo Zambrano,POR,M,5,1,98,0,0,0,0,0,0,0,0.0,0.0,0,0,0,0.0,4,3,0,1,0,2020,reg
4259,Janio Bikel,VAN,D,12,12,948,0,0,0,0,0,0,0,0.0,0.0,0,0,0,0.0,25,18,0,5,1,2020,reg
4260,George Acosta,MIA,M,0,0,0,0,0,0,0,0,0,0,0.0,0.0,0,0,0,0.0,0,0,0,0,0,2020,reg
4261,Justin Dhillon,SEA,F,1,0,5,0,0,0,0,0,0,0,0.0,0.0,0,0,0,0.0,0,0,0,0,0,2020,reg
4262,Josue Colman,ORL,M,0,0,0,0,0,0,0,0,0,0,0.0,0.0,0,0,0,0.0,0,0,0,0,0,2020,reg
4263,Danilo Acosta,LA,D,0,0,0,0,0,0,0,0,0,0,0.0,0.0,0,0,0,0.0,0,0,0,0,0,2020,reg
4264,Luis Alberto Caicedo,NE,M,0,0,0,0,0,0,0,0,0,0,0.0,0.0,0,0,0,0.0,0,0,0,0,0,2020,reg
4265,Abdul Rwatubyaye,COL,D,0,0,0,0,0,0,0,0,0,0,0.0,0.0,0,0,0,0.0,0,0,0,0,0,2020,reg
4266,Andrew Carleton,ATL,M,0,0,0,0,0,0,0,0,0,0,0.0,0.0,0,0,0,0.0,0,0,0,0,0,2020,reg
4267,Deklan Wynne,COL,D,0,0,0,0,0,0,0,0,0,0,0.0,0.0,0,0,0,0.0,0,0,0,0,0,2020,reg
4268,Noah Billingsley,MIN,D,1,0,6,0,0,0,0,0,0,0,0.0,0.0,0,0,0,0.0,0,0,0,0,0,2020,reg
4269,Pablo Aranguiz,DAL,M,0,0,0,0,0,0,0,0,0,0,0.0,0.0,0,0,0,0.0,0,0,0,0,0,2020,reg
4270,Tanner Dieterich,NSH,M,0,0,0,0,0,0,0,0,0,0,0.0,0.0,0,0,0,0.0,0,0,0,0,0,2020,reg
4271,Jack Skahan,SJ,M,1,0,11,0,0,0,0,0,0,0,0.0,0.0,0,0,0,0.0,1,0,0,0,0,2020,reg
4272,Gedion Zelalem,NYC,M,1,0,14,0,0,0,0,0,0,0,0.0,0.0,0,0,0,0.0,0,0,0,0,0,2020,reg
4273,Josh Sims,NY,M,2,0,45,0,0,0,0,0,0,0,0.0,0.0,0,0,0,0.0,0,0,0,0,0,2020,reg
4274,Luke Mulholland,RSL,M,0,0,0,0,0,0,0,0,0,0,0.0,0.0,0,0,0,0.0,0,0,0,0,0,2020,reg
4275,Alex De John,ORL,D,6,0,54,0,0,0,0,0,0,0,0.0,0.0,0,0,0,0.0,0,1,0,0,0,2020,reg
4276,Michael Salazar,HOU,F,1,0,12,0,0,0,0,0,0,0,0.0,0.0,0,0,0,0.0,1,0,0,1,0,2020,reg
4277,Caleb Stanko,CIN,M,13,5,470,0,0,0,0,0,0,0,0.0,0.0,0,0,0,0.0,16,6,0,3,0,2020,reg
4278,Ken Tribbett,NSH,D,0,0,0,0,0,0,0,0,0,0,0.0,0.0,0,0,0,0.0,0,0,0,0,0,2020,reg
4279,Alejandro Guido,LAFC,M,0,0,0,0,0,0,0,0,0,0,0.0,0.0,0,0,0,0.0,0,0,0,0,0,2020,reg
4280,Andrew Farrell,NE,D,20,19,1711,0,0,0,0,0,0,0,0.0,0.0,0,0,0,0.0,9,15,0,2,0,2020,reg
4281,Eriq Zavaleta,TOR,D,5,3,282,0,0,0,0,0,0,0,0.0,0.0,0,0,0,0.0,0,0,0,0,0,2020,reg
4282,Sebastien Ibeagha,NYC,D,7,2,282,0,0,0,0,0,0,0,0.0,0.0,0,0,0,0.0,3,1,0,1,0,2020,reg
4283,Waylon Francis,CLB,D,4,2,196,0,0,0,0,0,0,0,0.0,0.0,0,0,0,0.0,2,2,0,0,0,2020,reg
4284,James Musa,MIN,D-M,6,2,155,0,0,0,0,0,0,0,0.0,0.0,0,0,0,0.0,5,0,0,1,0,2020,reg
4285,Jordan Hamilton,CLB,F,2,0,13,0,0,0,0,0,0,0,0.0,0.0,0,0,0,0.0,2,0,1,0,0,2020,reg
4286,Jerome Kiesewetter,MIA,F,2,0,23,0,0,0,0,0,0,0,0.0,0.0,0,0,0,0.0,0,0,0,0,0,2020,reg
4287,Darren Mattocks,CIN,F,0,0,0,0,0,0,0,0,0,0,0.0,0.0,0,0,0,0.0,0,0,0,0,0,2020,reg
4288,Ashtone Morgan,RSL,D,0,0,0,0,0,0,0,0,0,0,0.0,0.0,0,0,0,0.0,0,0,0,0,0,2020,reg
4289,Brayan Beckeles,NSH,D,2,1,72,0,0,0,0,0,0,0,0.0,0.0,0,0,0,0.0,2,0,0,2,0,2020,reg
4290,Oriol Rosell,ORL,M-D,8,8,585,0,0,0,0,0,0,0,0.0,0.0,0,0,0,0.0,16,3,0,2,0,2020,reg
4291,Jimmy McLaughlin,CIN,M,1,0,1,0,0,0,0,0,0,0,0.0,0.0,0,0,0,0.0,0,0,0,0,0,2020,reg
4292,Vito Wormgoor,CLB,D,2,2,107,0,0,0,0,0,0,0,0.0,0.0,0,0,0,0.0,2,1,0,1,0,2020,reg
4293,Aurelien Collin,PHI,D,0,0,0,0,0,0,0,0,0,0,0.0,0.0,0,0,0,0.0,0,0,0,0,0,2020,reg
4294,Antonio Mlinar Delamea,NE,D,5,4,319,0,0,0,0,0,0,0,0.0,0.0,0,0,0,0.0,0,1,0,0,0,2020,reg
4295,Seth Sinovic,NE,D,1,0,13,0,0,0,0,0,0,0,0.0,0.0,0,0,0,0.0,0,0,0,0,0,2020,reg
4296,Kamohelo Mokotjo ,CIN,M,9,6,551,0,0,0,0,0,0,0,0.0,0.0,0,0,0,0.0,2,5,0,0,0,2020,reg
4297,A.J. DeLaGarza,MIA,D,5,5,427,0,0,0,0,0,0,0,0.0,0.0,0,0,0,0.0,7,3,1,0,0,2020,reg
4298,Danilo Silva,LFC,D,1,1,39,0,0,0,0,0,0,0,0.0,0.0,0,0,0,0.0,0,1,0,0,0,2020,reg
4299,Botond Barath,SKC,D,0,0,0,0,0,0,0,0,0,0,0.0,0.0,0,0,0,0.0,0,0,0,0,0,2020,reg
4300,Felipe Gutiérrez,SKC,M,0,0,0,0,0,0,0,0,0,0,0.0,0.0,0,0,0,0.0,0,0,0,0,0,2020,reg
4301,Steven Beitashour,COL,D,0,0,0,0,0,0,0,0,0,0,0.0,0.0,0,0,0,0.0,0,0,0,0,0,2020,reg
4302,Jack Maher,NSH,D,3,2,127,0,0,0,0,0,0,0,0.0,0.0,0,0,0,0.0,0,1,0,0,0,2020,reg
4303,Sebastian Anderson,COL,D,0,0,0,0,0,0,0,0,0,0,0.0,0.0,0,0,0,0.0,0,0,0,0,0,2020,reg
4304,Edwin Cerrillo,DAL,M,2,0,17,0,0,0,0,0,0,0,0.0,0.0,0,0,0,0.0,0,0,0,0,0,2020,reg
4305,Thomas Roberts,DAL,M,0,0,0,0,0,0,0,0,0,0,0.0,0.0,0,0,0,0.0,0,0,0,0,0,2020,reg
4306,George Campbell,ATL,D,1,0,46,0,0,0,0,0,0,0,0.0,0.0,0,0,0,0.0,2,0,0,0,0,2020,reg
4307,Clement Bayiha,MTL,M,4,1,66,0,0,0,0,0,0,0,0.0,0.0,0,0,0,0.0,2,0,0,0,0,2020,reg
4308,Mathieu Choiniere,MTL,M,0,0,0,0,0,0,0,0,0,0,0.0,0.0,0,0,0,0.0,0,0,0,0,0,2020,reg
4309,Jacob Akanyirige,SJ,D,1,1,69,0,0,0,0,0,0,0,0.0,0.0,0,0,0,0.0,0,0,0,0,0,2020,reg
4310,Gilbert Fuentes,SJ,M,1,0,5,0,0,0,0,0,0,0,0.0,0.0,0,0,0,0.0,0,0,0,0,0,2020,reg
4311,Andre Reynolds II,CHI,D,2,0,16,0,0,0,0,0,0,0,0.0,0.0,0,0,0,0.0,0,0,0,0,0,2020,reg
4312,Nicholas Slonina,CHI,D,0,0,0,0,0,0,0,0,0,0,0.0,0.0,0,0,0,0.0,0,0,0,0,0,2020,reg
4313,John Tolkin,RBNY,D,0,0,0,0,0,0,0,0,0,0,0.0,0.0,0,0,0,0.0,0,0,0,0,0,2020,reg
4314,Damian Rivera,NE,M,0,0,0,0,0,0,0,0,0,0,0.0,0.0,0,0,0,0.0,0,0,0,0,0,2020,reg
4315,Alfonso Ocampo-Chavez,SEA,F,0,0,0,0,0,0,0,0,0,0,0.0,0.0,0,0,0,0.0,0,0,0,0,0,2020,reg
4316,Erik McCue,HOU,D,0,0,0,0,0,0,0,0,0,0,0.0,0.0,0,0,0,0.0,0,0,0,0,0,2020,reg
4317,Josh Atencio,SEA,M,5,0,11,0,0,0,0,0,0,0,0.0,0.0,0,0,0,0.0,1,0,0,0,0,2020,reg
4318,Julian Vazquez,RSL,F,0,0,0,0,0,0,0,0,0,0,0.0,0.0,0,0,0,0.0,0,0,0,0,0,2020,reg
4319,Justin Haak,NYC,M,0,0,0,0,0,0,0,0,0,0,0.0,0.0,0,0,0,0.0,0,0,0,0,0,2020,reg
4320,Joe Scally,NYC,D,4,1,70,0,0,0,0,0,0,0,0.0,0.0,0,0,0,0.0,2,1,0,1,0,2020,reg
4321,Ema Twumasi,DAL,F,4,0,35,0,0,0,0,0,0,0,0.0,0.0,0,0,0,0.0,1,0,0,0,0,2020,reg
4322,Kyle Adams,HOU,D,0,0,0,0,0,0,0,0,0,0,0.0,0.0,0,0,0,0.0,0,0,0,0,0,2020,reg
4323,Alexander Alvarado,ORL,F,2,0,25,0,0,0,0,0,0,0,0.0,0.0,0,0,0,0.0,1,2,0,0,0,2020,reg
4324,Tayvon Gray,NYC,D,0,0,0,0,0,0,0,0,0,0,0.0,0.0,0,0,0,0.0,0,0,0,0,0,2020,reg
4325,Diedie Traore,LA,D,6,0,85,0,0,0,0,0,0,0,0.0,0.0,0,0,0,0.0,4,5,0,0,0,2020,reg
4326,Jack de Vries,PHI,M-F,4,0,12,0,0,0,0,0,0,0,0.0,0.0,0,0,0,0.0,1,0,0,0,0,2020,reg
4327,Cole Turner,PHI,M,1,0,3,0,0,0,0,0,0,0,0.0,0.0,0,0,0,0.0,0,0,0,0,0,2020,reg
4328,Tyler Freeman,SKC,F,0,0,0,0,0,0,0,0,0,0,0.0,0.0,0,0,0,0.0,0,0,0,0,0,2020,reg
4329,Danny Leyva,SEA,M,2,1,56,0,0,0,0,0,0,0,0.0,0.0,0,0,0,0.0,1,0,0,0,0,2020,reg
4330,Javier Casas,CHI,M,0,0,0,0,0,0,0,0,0,0,0.0,0.0,0,0,0,0.0,0,0,0,0,0,2020,reg
4331,Tyler Wolff,ATL,M,5,1,118,0,0,0,0,0,0,0,0.0,0.0,0,0,0,0.0,5,1,0,0,0,2020,reg
4332,Simon Colyn,VAN,M,0,0,0,0,0,0,0,0,0,0,0.0,0.0,0,0,0,0.0,0,0,0,0,0,2020,reg
4333,Damiano Pecile,VAN,M,1,0,1,0,0,0,0,0,0,0,0.0,0.0,0,0,0,0.0,0,0,0,0,0,2020,reg
4334,Gianfranco Facchineri,VAN,D,0,0,0,0,0,0,0,0,0,0,0.0,0.0,0,0,0,0.0,0,0,0,0,0,2020,reg
4335,Alex Monis,CHI,F,0,0,0,0,0,0,0,0,0,0,0.0,0.0,0,0,0,0.0,0,0,0,0,0,2020,reg
4336,Justin Che,DAL,D,0,0,0,0,0,0,0,0,0,0,0.0,0.0,0,0,0,0.0,0,0,0,0,0,2020,reg
4337,Christopher Garcia,RSL,F,1,0,1,0,0,0,0,0,0,0,0.0,0.0,0,0,0,0.0,0,0,0,0,0,2020,reg
4338,Casey Walls,SJ,D,0,0,0,0,0,0,0,0,0,0,0.0,0.0,0,0,0,0.0,0,0,0,0,0,2020,reg
4339,Keesean Ferdinand,MTL,D,0,0,0,0,0,0,0,0,0,0,0.0,0.0,0,0,0,0.0,0,0,0,0,0,2020,reg
4340,Tomas Giraldo,MTL,M,0,0,0,0,0,0,0,0,0,0,0.0,0.0,0,0,0,0.0,0,0,0,0,0,2020,reg
4341,Michael Halliday,ORL,D,0,0,0,0,0,0,0,0,0,0,0.0,0.0,0,0,0,0.0,0,0,0,0,0,2020,reg
4342,Nicolas Acevedo,NYC,M,12,1,128,0,0,0,0,0,0,0,0.0,0.0,0,0,0,0.0,5,2,0,1,0,2020,reg
4343,Sam Gleadle,MIN,M,0,0,0,0,0,0,0,0,0,0,0.0,0.0,0,0,0,0.0,0,0,0,0,0,2020,reg
4344,Michee Ngalina,PHI,F,0,0,0,0,0,0,0,0,0,0,0.0,0.0,0,0,0,0.0,0,0,0,0,0,2020,reg
4345,Steeven Saba,MTL,M,0,0,0,0,0,0,0,0,0,0,0.0,0.0,0,0,0,0.0,0,0,0,0,0,2020,reg
4346,Carlos Harvey,LA,M,6,1,104,0,0,0,0,0,0,0,0.0,0.0,0,0,0,0.0,3,1,0,1,0,2020,reg
4347,Will Vint,COL,M,0,0,0,0,0,0,0,0,0,0,0.0,0.0,0,0,0,0.0,0,0,0,0,0,2020,reg
4348,Mateo Bajamich,HOU,F,0,0,0,0,0,0,0,0,0,0,0.0,0.0,0,0,0,0.0,0,0,0,0,0,2020,reg
4349,Santiago Patiño,ORL,F,2,0,8,0,0,0,0,0,0,0,0.0,0.0,0,0,0,0.0,0,0,0,0,0,2020,reg
4350,Callum Montgomery,DAL,D,0,0,0,0,0,0,0,0,0,0,0.0,0.0,0,0,0,0.0,0,0,0,0,0,2020,reg
4351,Jonathan Perez,LA,M,0,0,0,0,0,0,0,0,0,0,0.0,0.0,0,0,0,0.0,0,0,0,0,0,2020,reg
4352,Erik Dueñas,LAFC,D,2,0,34,0,0,0,0,0,0,0,0.0,0.0,0,0,0,0.0,3,0,0,1,0,2020,reg
4353,Miguel Berry,CLB,F,0,0,0,0,0,0,0,0,0,0,0.0,0.0,0,0,0,0.0,0,0,0,0,0,2020,reg
4354,Nkosi Burgess,DAL,D,0,0,0,0,0,0,0,0,0,0,0.0,0.0,0,0,0,0.0,0,0,0,0,0,2020,reg
4355,Luke Haakenson,NSH,M,0,0,0,0,0,0,0,0,0,0,0.0,0.0,0,0,0,0.0,0,0,0,0,0,2020,reg
4356,Tony Leone,LAFC,D,0,0,0,0,0,0,0,0,0,0,0.0,0.0,0,0,0,0.0,0,0,0,0,0,2020,reg
4357,Zac McGraw,POR,D,0,0,0,0,0,0,0,0,0,0,0.0,0.0,0,0,0,0.0,0,0,0,0,0,2020,reg
4358,Mohamed Traore,LAFC,D,1,1,45,0,0,1,0,0,0,0,0.0,0.0,0,0,0,0.0,0,0,0,0,0,2020,reg
4359,Carlos Teran,CHI,D,2,0,14,0,0,1,0,0,0,0,0.0,0.0,0,0,0,0.0,0,0,0,0,0,2020,reg
4360,Jacob Shaffelburg,TOR,M-F,4,1,125,0,0,1,0,0,0,0,0.0,0.0,0,0,0,0.0,1,3,0,0,0,2020,reg
4361,Siad Haji,SJ,M,4,0,49,0,0,1,1,0,0,0,0.0,0.0,0,0,0,0.0,0,2,0,0,0,2020,reg
4362,Brian Gutierrez,CHI,M,6,0,27,0,0,1,1,0,0,0,0.0,0.0,0,0,0,0.0,3,0,0,0,0,2020,reg
4363,Jahkeele Marshall-Rutty,TOR,M,1,0,18,0,0,1,1,0,0,0,0.0,0.0,0,0,0,0.0,0,0,0,0,0,2020,reg
4364,Ethan Dobbelaere,SEA,M,1,1,54,0,0,1,0,0,0,0,0.0,0.0,0,0,0,0.0,1,0,0,0,0,2020,reg
4365,Thomas Chacon,MIN,M,4,1,172,0,0,1,1,0,0,0,0.0,0.0,0,0,0,0.0,3,6,1,1,0,2020,reg
4366,Jordan Bender,ORL,M,2,1,46,0,0,1,0,0,0,0,0.0,0.0,0,0,0,0.0,4,0,0,0,0,2020,reg
4367,Ralph Priso,TOR,M,4,1,158,0,0,1,0,0,0,0,0.0,0.0,0,0,0,0.0,3,0,0,0,0,2020,reg
4368,Collen Warner,COL,M,7,4,263,0,0,1,0,0,0,0,0.0,0.0,0,0,0,0.0,11,1,0,1,0,2020,reg
4369,Johan Kappelhof,CHI,D,4,2,200,0,0,1,0,0,0,0,0.0,0.0,0,0,0,0.0,2,0,0,1,0,2020,reg
4370,Mathieu Deplagne,CIN,D,15,13,1175,0,0,1,0,0,0,0,0.0,0.0,0,0,0,0.0,19,11,0,6,0,2020,reg
4371,Jorge Moreira,POR,D,1,1,89,0,0,1,0,0,0,0,0.0,0.0,0,0,0,0.0,0,1,0,0,0,2020,reg
4372,Matt Besler,SKC,D,10,9,810,0,0,1,0,0,0,0,0.0,0.0,0,0,0,0.0,10,9,0,1,0,2020,reg
4373,Rod Fanni,MTL,D,12,10,946,0,0,1,0,0,0,0,0.0,0.0,0,0,0,0.0,5,5,0,0,0,2020,reg
4374,Michael Mancienne,NE,D,5,4,316,0,0,1,0,0,0,0,0.0,0.0,0,0,0,0.0,4,0,0,1,0,2020,reg
4375,Warren Creavalle,PHI,M,11,4,379,0,0,1,0,0,0,0,0.0,0.0,0,0,0,0.0,6,6,0,2,0,2020,reg
4376,Mohammed Abu,DC,M,6,4,332,0,0,1,0,0,0,0,0.0,0.0,0,0,0,0.0,7,4,0,2,0,2020,reg
4377,Josef Martinez,ATL,F,1,1,69,0,0,1,0,0,0,0,0.0,0.0,0,0,0,0.0,3,0,0,0,0,2020,reg
4378,Adama Diomande,LFC,F,1,0,16,0,0,1,0,0,0,0,0.0,0.0,0,0,0,0.0,0,0,0,0,0,2020,reg
4379,Chris Duvall,POR,D,10,9,745,0,0,1,0,0,0,0,0.0,0.0,0,0,0,0.0,11,4,0,3,0,2020,reg
4380,Micheal Azira,CHI,M,6,1,125,0,0,1,0,0,0,0,0.0,0.0,0,0,0,0.0,2,1,0,1,0,2020,reg
4381,Eric Miller,NSH,D,6,5,435,0,0,1,0,0,0,0,0.0,0.0,0,0,0,0.0,2,3,0,0,0,2020,reg
4382,Alvas Powell,MIA,D,4,2,197,0,0,1,1,0,0,0,0.0,0.0,0,0,0,0.0,3,2,0,1,0,2020,reg
4383,Alejandro Fuenmayor,HOU,D,5,3,301,0,0,1,0,0,0,0,0.0,0.0,0,0,0,0.0,3,2,0,1,0,2020,reg
4384,Oniel Fisher,DC,D,15,6,673,0,0,1,0,0,0,0,0.0,0.0,0,0,0,0.0,15,6,1,1,0,2020,reg
4385,Amro Tarek,RBNY,D,12,10,935,0,0,1,0,0,0,0,0.0,0.0,0,0,0,0.0,19,9,1,3,0,2020,reg
4386,Brent Kallman,MIN,D,4,3,271,0,0,1,1,0,0,0,0.0,0.0,0,0,0,0.0,1,2,0,0,0,2020,reg
4387,Graham Smith,SKC,D,4,4,315,0,0,1,0,0,0,0,0.0,0.0,0,0,0,0.0,4,2,0,2,0,2020,reg
4388,Ronaldo Peña,HOU,F,1,0,38,0,0,1,0,0,0,0,0.0,0.0,0,0,0,0.0,2,2,0,0,0,2020,reg
4389,Jimmy Medranda ,SEA,D,3,0,20,0,0,1,1,0,0,0,0.0,0.0,0,0,0,0.0,0,0,0,0,0,2020,reg
4390,Zico Bailey,CIN,D,5,3,296,0,0,1,0,0,0,0,0.0,0.0,0,0,0,0.0,3,3,0,1,0,2020,reg
4391,Luis Felipe,SJ,M,5,2,197,0,0,1,1,0,0,0,0.0,0.0,0,0,0,0.0,2,0,0,0,0,2020,reg
4392,Shandon Hopeau,SEA,F,5,1,81,0,0,1,0,0,0,0,0.0,0.0,0,0,0,0.0,2,0,0,1,0,2020,reg
4393,Brandt Bronico,CHI,M,10,3,275,0,0,1,0,0,0,0,0.0,0.0,0,0,0,0.0,5,3,0,1,0,2020,reg
4394,Rodrigo Schlegel,ORL,D,10,7,645,0,0,1,0,0,0,0,0.0,0.0,0,0,0,0.0,10,4,0,4,0,2020,reg
4395,Tate Schmitt,RSL,M,4,3,254,0,0,1,0,0,0,0,0.0,0.0,0,0,0,0.0,5,3,0,0,0,2020,reg
4396,Rashawn Dally,CIN,F,4,0,68,0,0,1,0,0,0,0,0.0,0.0,0,0,0,0.0,2,1,0,0,0,2020,reg
4397,Erik Holt,RSL,D,7,4,383,0,0,2,0,0,0,0,0.0,0.0,0,0,0,0.0,6,1,0,1,0,2020,reg
4398,Matt LaGrassa,NSH,M,8,4,376,0,0,2,1,0,0,0,0.0,0.0,0,0,0,0.0,7,4,0,0,0,2020,reg
4399,Cameron Duke,SKC,M,8,2,218,0,0,2,1,0,0,0,0.0,0.0,0,0,0,0.0,4,5,0,1,0,2020,reg
4400,Justin Portillo ,RSL,M,5,3,265,0,0,2,0,0,0,0,0.0,0.0,0,0,0,0.0,7,4,0,1,0,2020,reg
4401,Marlon Hairston,MIN,M,9,4,405,0,0,2,0,0,0,0,0.0,0.0,0,0,0,0.0,5,7,0,1,0,2020,reg
4402,Nico Lemoine,HOU,F,11,0,163,0,0,2,0,0,0,0,0.0,0.0,0,0,0,0.0,2,10,0,1,0,2020,reg
4403,Justin Rennicks,NE,F,4,0,29,0,0,2,0,0,0,0,0.0,0.0,0,0,0,0.0,0,2,0,0,0,2020,reg
4404,Saad Abdul-Salaam,CIN,D,8,5,424,0,0,2,0,0,0,0,0.0,0.0,0,0,0,0.0,4,5,1,0,0,2020,reg
4405,Axel Sjöberg,DC,D,2,2,171,0,0,2,1,0,0,0,0.0,0.0,0,0,0,0.0,1,2,0,0,0,2020,reg
4406,Joey DeZart,ORL,M,11,4,373,0,0,2,1,0,0,0,0.0,0.0,0,0,0,0.0,0,3,0,0,0,2020,reg
4407,Luka Stojanovic,CHI,M,2,1,60,0,0,2,1,0,0,0,0.0,0.0,0,0,0,0.0,3,0,0,0,0,2020,reg
4408,Erik Godoy,VAN,D,12,11,940,0,0,2,0,0,0,0,0.0,0.0,0,0,0,0.0,10,5,1,0,1,2020,reg
4409,Scott Caldwell,NE,M,18,15,1155,0,0,2,0,0,0,0,0.0,0.0,0,0,0,0.0,26,9,0,4,1,2020,reg
4410,Dairon Asprilla,POR,M-F,3,0,46,0,0,2,0,0,0,0,0.0,0.0,0,0,0,0.0,2,1,0,1,0,2020,reg
4411,Jay Chapman,MIA,M,8,2,200,0,0,2,0,0,0,0,0.0,0.0,0,0,0,0.0,7,1,0,1,0,2020,reg
4412,Shane O'Neill,SEA,D,18,13,1238,0,0,2,0,0,0,0,0.0,0.0,0,0,0,0.0,16,3,0,3,0,2020,reg
4413,Brad Smith,SEA,D,5,1,148,0,0,2,1,0,0,0,0.0,0.0,0,0,0,0.0,1,1,0,0,0,2020,reg
4414,Wilfried Zahibo,HOU,M,7,3,298,0,0,2,0,0,0,0,0.0,0.0,0,0,0,0.0,15,3,1,2,0,2020,reg
4415,Laurent Ciman,TOR,D,12,5,530,0,0,2,1,0,0,0,0.0,0.0,0,0,0,0.0,9,4,0,2,0,2020,reg
4416,Fernando Meza,ATL,D,13,13,1073,0,0,2,1,0,0,0,0.0,0.0,0,0,0,0.0,17,8,2,2,0,2020,reg
4417,Edgar Castillo,ATL,D,4,1,145,0,0,2,1,0,0,0,0.0,0.0,0,0,0,0.0,2,2,0,0,0,2020,reg
4418,Jonathan dos Santos,LA,M,13,7,700,0,0,2,0,0,0,0,0.0,0.0,0,0,0,0.0,6,5,0,1,0,2020,reg
4419,Danny Wilson,COL,D,9,9,742,0,0,2,1,0,0,0,0.0,0.0,0,0,0,0.0,11,3,1,1,1,2020,reg
4420,Aljaz Struna,HOU,D,17,16,1436,0,0,2,0,0,0,0,0.0,0.0,0,0,0,0.0,21,9,1,6,0,2020,reg
4421,Perry Kitchen,LA,M,21,19,1723,0,0,2,0,0,0,0,0.0,0.0,0,0,0,0.0,39,23,0,6,0,2020,reg
4422,Aidan Morris,CLB,M,10,2,360,0,0,2,0,0,0,0,0.0,0.0,0,0,0,0.0,8,5,0,3,0,2020,reg
4423,Karifa Yao,MTL,D,2,1,127,0,0,2,0,0,0,0,0.0,0.0,0,0,0,0.0,4,0,0,0,0,2020,reg
4424,Dante Sealy,DAL,F,5,0,49,0,0,2,0,0,0,0,0.0,0.0,0,0,0,0.0,4,3,0,0,0,2020,reg
4425,Jasser Khmiri,VAN,D,5,5,387,0,0,2,0,0,0,0,0.0,0.0,0,0,0,0.0,4,1,0,2,0,2020,reg
4426,Emil Cuello,LA,M,11,2,232,0,0,2,2,0,0,0,0.0,0.0,0,0,0,0.0,14,2,1,1,0,2020,reg
4427,Cameron Dunbar,LA,F,4,1,82,0,0,3,0,0,0,0,0.0,0.0,0,0,0,0.0,2,2,0,0,0,2020,reg
4428,Jayden Nelson,TOR,F,7,1,141,0,0,3,0,0,0,0,0.0,0.0,0,0,0,0.0,5,3,0,2,0,2020,reg
4429,Franko Kovacevic,CIN,F,1,1,90,0,0,3,1,0,0,0,0.0,0.0,0,0,0,0.0,0,6,0,0,0,2020,reg
4430,Dru Yearwood,RBNY,M,12,8,612,0,0,3,1,0,0,0,0.0,0.0,0,0,0,0.0,17,6,0,3,0,2020,reg
4431,Bryce Duke,LAFC,M,11,2,234,0,0,3,1,0,0,0,0.0,0.0,0,0,0,0.0,7,4,0,0,0,2020,reg
4432,Guram Kashia,SJ,D,6,6,488,0,0,3,1,0,0,0,0.0,0.0,0,0,0,0.0,9,2,0,1,0,2020,reg
4433,Everton Luiz,RSL,M,14,11,919,0,0,3,0,0,0,0,0.0,0.0,0,0,0,0.0,12,17,0,1,0,2020,reg
4434,Sam Nicholson,COL,F,2,2,174,0,0,3,0,0,0,0,0.0,0.0,0,0,0,0.0,2,3,2,0,0,2020,reg
4435,Paul Arriola,DC,M-F,1,0,21,0,0,3,0,0,0,0,0.0,0.0,0,0,0,0.0,1,1,0,0,0,2020,reg
4436,Nick Besler,RSL,M,12,6,569,0,0,3,1,0,0,0,0.0,0.0,0,0,0,0.0,10,5,0,2,0,2020,reg
4437,Jose Bizama,HOU,D,8,6,567,0,0,3,0,0,0,0,0.0,0.0,0,0,0,0.0,5,4,1,1,0,2020,reg
4438,Robinho,ORL,M,5,2,144,0,0,3,1,0,0,0,0.0,0.0,0,0,0,0.0,3,4,0,0,0,2020,reg
4439,Matheus Rossetto,ATL,M,15,10,780,0,0,3,1,0,0,0,0.0,0.0,0,0,0,0.0,9,4,2,1,0,2020,reg
4440,Liam Fraser,TOR,M,13,4,436,0,0,3,0,0,0,0,0.0,0.0,0,0,0,0.0,9,1,0,1,0,2020,reg
4441,Brandon Servania,DAL,M,12,4,398,0,0,3,0,0,0,0,0.0,0.0,0,0,0,0.0,5,7,0,1,0,2020,reg
4442,Tah Brian Anunga,NSH,M,14,8,779,0,0,3,0,0,0,0,0.0,0.0,0,0,0,0.0,19,4,0,1,0,2020,reg
4443,Marco Farfan,POR,D,14,9,854,0,0,3,0,0,0,0,0.0,0.0,0,0,0,0.0,18,9,0,2,0,2020,reg
4444,Kamal Miller,ORL,D,12,9,805,0,0,3,0,0,0,0,0.0,0.0,0,0,0,0.0,11,14,0,3,0,2020,reg
4445,Tristan Blackmon,LAFC,D,14,11,977,0,0,4,1,0,0,0,0.0,0.0,0,0,0,0.0,17,6,0,2,0,2020,reg
4446,Andrew Gutman,CIN,D,21,15,1441,0,0,4,0,0,0,0,0.0,0.0,0,0,0,0.0,10,16,1,3,0,2020,reg
4447,Erickson Gallardo,TOR,F-M,5,2,162,0,0,4,2,0,0,0,0.0,0.0,0,0,0,0.0,3,3,1,0,0,2020,reg
4448,Tomas Conechny,POR,M,8,3,182,0,0,4,1,0,0,0,0.0,0.0,0,0,0,0.0,3,5,1,1,0,2020,reg
4449,Florian Jungwirth,SJ,D,19,18,1612,0,0,4,1,0,0,0,0.0,0.0,0,0,0,0.0,25,5,0,5,0,2020,reg
4450,Kyle Beckerman,RSL,M,10,5,389,0,0,4,1,0,0,0,0.0,0.0,0,0,0,0.0,11,10,0,4,1,2020,reg
4451,Dario Zuparic,POR,D,19,18,1611,0,0,4,4,0,0,0,0.0,0.0,0,0,0,0.0,20,19,1,3,1,2020,reg
4452,Robin Jansson,ORL,D,22,22,1980,0,0,4,1,0,0,0,0.0,0.0,0,0,0,0.0,9,16,0,3,0,2020,reg
4453,Jukka Raitala,MTL,D,15,15,1350,0,0,4,3,0,0,0,0.0,0.0,0,0,0,0.0,20,6,0,2,0,2020,reg
4454,Alan Winn,NSH,F,7,1,239,0,0,4,1,0,0,0,0.0,0.0,0,0,0,0.0,4,7,0,0,0,2020,reg
4455,Laurence Wyke,ATL,D,7,2,226,0,0,4,1,0,0,0,0.0,0.0,0,0,0,0.0,6,3,0,1,0,2020,reg
4456,Tanner Beason,SJ,D,9,9,810,0,0,5,0,0,0,0,0.0,0.0,0,0,0,0.0,3,4,1,1,0,2020,reg
4457,Ranko Veselinovic,VAN,D,18,16,1384,0,0,5,0,0,0,0,0.0,0.0,0,0,0,0.0,8,8,0,2,0,2020,reg
4458,Jeizon Ramirez,RSL,F,10,0,80,0,0,5,1,0,0,0,0.0,0.0,0,0,0,0.0,2,1,0,1,0,2020,reg
4459,Justin Morrow,TOR,D,15,11,959,0,0,5,1,0,0,0,0.0,0.0,0,0,0,0.0,3,4,0,1,0,2020,reg
4460,Fanendo Adi,CLB,F,11,1,175,0,0,5,1,0,0,0,0.0,0.0,0,0,0,0.0,4,6,1,0,0,2020,reg
4461,Jalil Anibaba,NSH,D,12,6,582,0,0,5,2,0,0,0,0.0,0.0,0,0,0,0.0,4,1,0,2,0,2020,reg
4462,Roman Torres,SEA,D,8,4,352,0,0,5,0,0,0,0,0.0,0.0,0,0,0,0.0,3,1,0,0,1,2020,reg
4463,Wil Trapp,MIA,M,21,16,1368,0,0,5,2,0,0,0,0.0,0.0,0,0,0,0.0,23,6,0,4,0,2020,reg
4464,Victor Cabrera,HOU,D,10,8,656,0,0,5,1,0,0,0,0.0,0.0,0,0,0,0.0,7,3,0,1,0,2020,reg
4465,Adam Lundkvist,HOU,D,21,21,1819,0,0,6,2,0,0,0,0.0,0.0,0,0,0,0.0,27,14,4,3,0,2020,reg
4466,Daniel Salloi,SKC,F,7,1,165,0,0,6,3,0,0,0,0.0,0.0,0,0,0,0.0,0,1,1,0,0,2020,reg
4467,Osvaldo Alonso,MIN,M,10,9,751,0,0,6,1,0,0,0,0.0,0.0,0,0,0,0.0,12,8,0,4,0,2020,reg
4468,Sebastian Berhalter,CLB,M,9,4,395,0,0,6,0,0,0,0,0.0,0.0,0,0,0,0.0,6,4,0,1,0,2020,reg
4469,Alvaro Barreal,CIN,M,5,4,326,0,0,6,0,0,0,0,0.0,0.0,0,0,0,0.0,6,7,2,0,0,2020,reg
4470,Mathias Jorgensen,RBNY,F,8,2,265,0,0,7,1,0,0,0,0.0,0.0,0,0,0,0.0,3,3,3,0,0,2020,reg
4471,Adrien Perez,LAFC,F,9,2,299,0,0,7,1,0,0,0,0.0,0.0,0,0,0,0.0,4,8,0,0,0,2020,reg
4472,Maikel van der Werff,CIN,D,13,11,973,0,0,7,1,0,0,0,0.0,0.0,0,0,0,0.0,15,9,2,2,0,2020,reg
4473,Tomas Martinez,HOU,M,11,3,343,0,0,7,1,0,0,0,0.0,0.0,0,0,0,0.0,9,7,1,1,0,2020,reg
4474,Tom Pettersson,CIN,D,15,13,1142,0,0,7,1,0,0,0,0.0,0.0,0,0,0,0.0,22,18,1,1,0,2020,reg
4475,Bakaye Dibassy,MIN,D,11,10,858,0,0,7,1,0,0,0,0.0,0.0,0,0,0,0.0,8,3,0,1,0,2020,reg
4476,Manuel Castro,ATL,F,10,3,257,0,0,7,2,0,0,0,0.0,0.0,0,0,0,0.0,7,7,1,0,0,2020,reg
4477,Derek Cornelius,VAN,D,13,11,1011,0,0,7,1,0,0,0,0.0,0.0,0,0,0,0.0,8,9,0,3,0,2020,reg
4478,DeJuan Jones,NE,D,18,13,1134,0,0,7,5,0,0,0,0.0,0.0,0,0,0,0.0,14,16,0,2,0,2020,reg
4479,Anthony Jackson-Hamel,MTL,F,7,2,195,0,0,8,2,0,0,0,0.0,0.0,0,0,0,0.0,2,3,1,2,0,2020,reg
4480,Samuel Tetteh,RBNY,F,10,4,328,0,0,8,1,0,0,0,0.0,0.0,0,0,0,0.0,7,1,1,0,0,2020,reg
4481,Miguel Ibarra ,SEA,M,12,3,248,0,0,8,3,0,0,0,0.0,0.0,0,0,0,0.0,1,0,4,0,0,2020,reg
4482,Michael Boxall,MIN,D,19,19,1710,0,0,8,3,0,0,0,0.0,0.0,0,0,0,0.0,21,3,1,4,0,2020,reg
4483,Aleksandar Katai,LA,M,2,2,117,0,0,8,0,0,0,0,0.0,0.0,0,0,0,0.0,5,2,0,2,0,2020,reg
4484,Gustav Svensson,SEA,M,12,11,959,0,0,9,2,0,0,0,0.0,0.0,0,0,0,0.0,15,6,0,0,0,2020,reg
4485,Matias Vera,HOU,M,20,20,1690,0,0,9,2,0,0,0,0.0,0.0,0,0,0,0.0,32,28,0,7,1,2020,reg
4486,Ulises Segura,DC,M,10,7,683,0,0,9,5,0,0,0,0.0,0.0,0,0,0,0.0,6,14,3,1,0,2020,reg
4487,Miles Robinson,ATL,D,17,16,1393,0,0,9,1,0,0,0,0.0,0.0,0,0,0,0.0,20,18,1,6,0,2020,reg
4488,Andres Reyes,MIA,D,13,13,1101,0,0,9,3,0,0,0,0.0,0.0,0,0,0,0.0,27,12,0,9,2,2020,reg
4489,Dylan Nealis,MIA,D,19,10,1104,0,0,10,1,0,0,0,0.0,0.0,0,0,0,0.0,20,14,0,1,0,2020,reg
4490,Luis Binks,MTL,D,21,20,1762,0,0,10,1,0,0,0,0.0,0.0,0,0,0,0.0,30,18,1,8,1,2020,reg
4491,Cristhian Paredes,POR,M,17,9,822,0,0,10,4,0,0,0,0.0,0.0,0,0,0,0.0,15,11,0,5,0,2020,reg
4492,Kendall Waston,CIN,D,17,17,1528,0,0,10,3,0,0,0,0.0,0.0,0,0,0,0.0,22,9,1,5,0,2020,reg
4493,Jonathan Mensah,CLB,D,23,23,2070,0,0,10,4,0,0,0,0.0,0.0,0,0,0,0.0,24,11,1,4,0,2020,reg
4494,Omar Gonzalez,TOR,D,23,21,1871,0,0,11,2,0,0,0,0.0,0.0,0,0,0,0.0,12,6,3,2,0,2020,reg
4495,Marcelo Silva,RSL,D,15,15,1309,0,0,12,4,0,0,0,0.0,0.0,0,0,0,0.0,19,3,0,4,0,2020,reg
4496,Boniek Garcia,HOU,M,18,7,819,0,0,12,1,0,0,0,0.0,0.0,0,0,0,0.0,12,9,0,5,0,2020,reg
4497,Nedum Onuoha,RSL,D,15,15,1318,0,0,12,2,0,0,0,0.0,0.0,0,0,0,0.0,7,9,2,0,0,2020,reg
4498,Sacha Kljestan,LA,M,15,8,769,0,0,13,4,0,0,0,0.0,0.0,0,0,0,0.0,12,5,0,2,0,2020,reg
4499,Judson,SJ,M,21,20,1701,0,0,14,1,0,0,0,0.0,0.0,0,0,0,0.0,44,14,0,4,0,2020,reg
4500,Sebastian Mendez,ORL,M,19,11,1087,0,0,17,3,0,0,0,0.0,0.0,0,0,0,0.0,32,9,1,4,1,2020,reg
4501,Kelyn Rowe,NE,M,16,10,896,0,0,17,4,0,0,0,0.0,0.0,0,0,0,0.0,13,4,0,3,0,2020,reg
4502,Siem de Jong,CIN,M,15,8,793,0,0,18,5,0,0,0,0.0,0.0,0,0,0,0.0,7,8,1,0,0,2020,reg
4503,Maxime Chanot,NYC,D,20,20,1712,0,0,19,4,0,0,0,0.0,0.0,0,0,0,0.0,18,6,1,5,1,2020,reg
4504,Nicolas Figal,MIA,D,21,21,1746,0,0,22,9,0,0,0,0.0,0.0,0,0,0,0.0,22,26,0,4,0,2020,reg
