,Player,Club,GamesPlayed,GamesStarted,ShotsFaced,SavesMade,GoalsAgainst,Wins,Losses,Ties,ShutOuts,WinsPercentage,SavePercentage,Year
0,Mark Dodd,FC Dallas,31,31,235,160,45,17,14,0,6,54.8,68.1,1996
1,Tony Meola,Metropolitan Oval,29,29,188,142,38,14,15,0,9,48.3,75.5,1996
2,Mark Dougherty,TB ,28,28,186,123,47,17,11,0,3,60.7,66.1,1996
3,Jorge Campos,LA Galaxy,24,24,133,100,27,13,8,0,4,54.2,75.2,1996
4,Garth Lagerwey,KC ,23,22,133,83,38,12,10,0,3,52.2,62.4,1996
5,Chris Woods,Colorado Rapids,23,23,149,96,43,8,15,0,2,34.8,64.4,1996
6,Tom Liner,San Jose Earthquakes,20,20,118,75,33,7,12,0,4,35.0,63.6,1996
7,Aidan Heaney,New England Revolution,19,18,130,93,29,8,9,0,4,42.1,71.5,1996
8,Jeff Causey,D.C. United,19,18,115,70,35,9,10,0,0,47.4,60.9,1996
9,David Kramer,LA Galaxy,15,8,83,52,22,6,5,0,1,40.0,62.7,1996
10,Mark Simpson,D.C. United,15,14,69,46,21,7,6,0,3,46.7,66.7,1996
11,Jim St. Andre,New England Revolution,15,14,91,57,27,7,8,0,2,46.7,62.6,1996
12,Dave Salzwedel,San Jose Earthquakes,14,12,80,53,17,8,5,0,4,57.1,66.3,1996
13,Bo Oshoniyi,Columbus Crew,13,13,101,64,33,3,10,0,2,23.1,63.4,1996
14,Pat Harrington,Columbus Crew,12,11,57,23,21,5,5,0,1,41.7,40.4,1996
15,Dusty Hudock,Colorado Rapids,9,9,55,34,16,3,6,0,2,33.3,61.8,1996
16,Brad Friedel,Columbus Crew,9,9,60,46,7,8,1,0,4,88.9,76.7,1996
17,David Winner,Columbus Crew,7,6,39,22,16,3,4,0,0,42.9,56.4,1996
18,Mike Ammann,KC ,4,3,21,12,8,1,2,0,0,25.0,57.1,1996
19,Scott Budnick,TB ,4,4,23,18,4,3,1,0,1,75.0,78.3,1996
20,Zach Thornton,Metropolitan Oval,3,3,17,8,9,1,2,0,0,33.3,47.1,1996
21,Jeff Cassar,FC Dallas,2,1,9,6,3,0,1,0,0,0.0,66.7,1996
22,Mile Miovac,D.C. United,0,0,0,0,0,0,0,0,0,0.0,0.0,1996
23,Mark Dodd,FC Dallas,31,31,235,160,45,17,14,0,6,54.8,68.1,1996
24,Tony Meola,Metropolitan Oval,29,29,188,142,38,14,15,0,9,48.3,75.5,1996
25,Mark Dougherty,TB ,28,28,186,123,47,17,11,0,3,60.7,66.1,1996
26,Jorge Campos,LA Galaxy,24,24,133,100,27,13,8,0,4,54.2,75.2,1996
27,Garth Lagerwey,KC ,23,22,133,83,38,12,10,0,3,52.2,62.4,1996
28,Chris Woods,Colorado Rapids,23,23,149,96,43,8,15,0,2,34.8,64.4,1996
29,Tom Liner,San Jose Earthquakes,20,20,118,75,33,7,12,0,4,35.0,63.6,1996
30,Aidan Heaney,New England Revolution,19,18,130,93,29,8,9,0,4,42.1,71.5,1996
31,Jeff Causey,D.C. United,19,18,115,70,35,9,10,0,0,47.4,60.9,1996
32,David Kramer,LA Galaxy,15,8,83,52,22,6,5,0,1,40.0,62.7,1996
33,Mark Simpson,D.C. United,15,14,69,46,21,7,6,0,3,46.7,66.7,1996
34,Jim St. Andre,New England Revolution,15,14,91,57,27,7,8,0,2,46.7,62.6,1996
35,Dave Salzwedel,San Jose Earthquakes,14,12,80,53,17,8,5,0,4,57.1,66.3,1996
36,Bo Oshoniyi,Columbus Crew,13,13,101,64,33,3,10,0,2,23.1,63.4,1996
37,Pat Harrington,Columbus Crew,12,11,57,23,21,5,5,0,1,41.7,40.4,1996
38,Dusty Hudock,Colorado Rapids,9,9,55,34,16,3,6,0,2,33.3,61.8,1996
39,Brad Friedel,Columbus Crew,9,9,60,46,7,8,1,0,4,88.9,76.7,1996
40,David Winner,Columbus Crew,7,6,39,22,16,3,4,0,0,42.9,56.4,1996
41,Mike Ammann,KC ,4,3,21,12,8,1,2,0,0,25.0,57.1,1996
42,Scott Budnick,TB ,4,4,23,18,4,3,1,0,1,75.0,78.3,1996
43,Zach Thornton,Metropolitan Oval,3,3,17,8,9,1,2,0,0,33.3,47.1,1996
44,Jeff Cassar,FC Dallas,2,1,9,6,3,0,1,0,0,0.0,66.7,1996
45,Mile Miovac,D.C. United,0,0,0,0,0,0,0,0,0,0.0,0.0,1996
46,Tony Meola,Metropolitan Oval,30,30,204,149,48,12,18,0,5,40.0,73.0,1996
47,Mark Dodd,FC Dallas,30,30,249,183,48,14,16,0,3,46.7,73.5,1996
48,Mike Ammann,KC ,29,29,160,109,45,21,8,0,5,72.4,68.1,1996
49,Brad Friedel,Columbus Crew,29,29,174,131,35,14,15,0,7,48.3,75.3,1996
50,Mark Dougherty,TB ,26,24,165,111,45,15,9,0,3,57.7,67.3,1996
51,Marcus Hahnemann,Colorado Rapids,25,24,154,111,37,13,10,0,5,52.0,72.1,1996
52,Walter Zenga,New England Revolution,22,22,113,81,28,15,7,0,6,68.2,71.7,1996
53,David Kramer,LA Galaxy,21,21,123,84,33,7,14,0,3,33.3,68.3,1996
54,Dave Salzwedel,San Jose Earthquakes,20,18,118,72,35,7,11,0,2,35.0,61.0,1996
55,Jorge Campos,LA Galaxy,19,19,88,62,23,12,5,0,4,63.2,70.5,1996
56,Scott Garlick,D.C. United,14,13,82,57,22,9,5,0,2,64.3,69.5,1996
57,Jeff Causey,D.C. United,12,11,86,56,27,4,8,0,1,33.3,65.1,1996
58,Paul Grafer,Colorado Rapids,9,8,63,40,22,1,8,0,1,11.1,63.5,1996
59,Scott Budnick,TB ,9,8,52,35,15,2,6,0,1,22.2,67.3,1996
60,Kevin Hartman,LA Galaxy,8,4,21,12,8,2,4,0,3,25.0,57.1,1996
61,Tom Presthus,D.C. United,7,7,49,31,13,4,2,0,0,57.1,63.3,1996
62,Mark Simpson,D.C. United,7,7,35,27,7,4,2,0,3,57.1,77.1,1996
63,Chris Snitko,KC ,5,3,20,11,6,0,3,0,0,0.0,55.0,1996
64,David Winner,Columbus Crew,4,3,19,11,6,1,2,0,0,25.0,57.9,1996
65,Scott Coufal,New England Revolution,4,4,29,17,9,0,4,0,1,0.0,58.6,1996
66,Zach Thornton,Metropolitan Oval,3,2,18,12,5,1,1,0,0,33.3,66.7,1996
67,Garth Lagerwey,FC Dallas,2,2,14,13,1,2,0,0,1,100.0,92.9,1996
68,Tom Liner,San Jose Earthquakes,2,2,19,14,4,0,2,0,0,0.0,73.7,1996
69,Marcus Roy,FC Dallas,0,0,0,0,0,0,0,0,0,0.0,0.0,1996
70,Jeff Cassar,FC Dallas,0,0,0,0,0,0,0,0,0,0.0,0.0,1996
71,Aidan Heaney,Columbus Crew,0,0,0,0,0,0,0,0,0,0.0,0.0,1996
72,Tony Meola,Metropolitan Oval,31,31,234,164,62,14,17,0,4,45.2,70.1,1996
73,Kevin Hartman,LA Galaxy,29,28,143,103,39,22,7,0,7,75.9,72.0,1996
74,Marcus Hahnemann,Colorado Rapids,28,28,200,138,52,16,12,0,4,57.1,69.0,1996
75,Mike Ammann,KC ,27,27,132,85,42,11,16,0,5,40.7,64.4,1996
76,Ian Feuer,New England Revolution,26,26,179,112,55,8,15,0,5,30.8,62.6,1996
77,Zach Thornton,Chicago FIre FC,25,23,118,85,27,16,8,0,8,64.0,72.0,1996
78,Scott Garlick,D.C. United,25,25,129,88,35,19,5,0,7,76.0,68.2,1996
79,Mark Dodd,FC Dallas,25,24,179,134,42,11,13,0,6,44.0,74.9,1996
80,David Kramer,San Jose Earthquakes,24,24,132,82,39,10,14,0,5,41.7,62.1,1996
81,Thomas Ravelli,TB ,23,23,179,131,38,7,13,0,2,30.4,73.2,1996
82,Juergen Sommer,Columbus Crew,21,21,143,106,35,11,10,0,4,52.4,74.1,1996
83,Jeff Cassar,Inter Miami CF,21,21,151,107,41,12,9,0,2,57.1,70.9,1996
84,Doug Petras,TB ,12,9,70,49,19,5,7,0,1,41.7,70.0,1996
85,Mark Dougherty,Columbus Crew,11,11,77,49,21,4,6,0,1,36.4,63.6,1996
86,Jeff Causey,New England Revolution,9,6,35,24,11,3,6,0,0,33.3,68.6,1996
87,Andy Kirk,San Jose Earthquakes,9,8,56,34,21,3,5,0,2,33.3,60.7,1996
88,Jorge Campos,Chicago FIre FC,9,8,48,33,15,4,3,0,0,44.4,68.8,1996
89,Garth Lagerwey,FC Dallas,8,7,44,28,14,4,3,0,0,50.0,63.6,1996
90,Tom Presthus,D.C. United,6,5,28,19,8,5,1,0,0,83.3,67.9,1996
91,Matt Reis,LA Galaxy,5,4,24,18,5,2,1,0,0,40.0,75.0,1996
92,Chris Snitko,KC ,5,5,27,18,8,1,4,0,1,20.0,66.7,1996
93,David Winner,Chicago FIre FC,4,3,23,16,6,2,2,0,0,50.0,69.6,1996
94,Paul Grafer,Colorado Rapids,4,4,39,20,17,0,4,0,0,0.0,51.3,1996
95,Matt Napoleon,Inter Miami CF,4,4,45,32,12,1,3,0,0,25.0,71.1,1996
96,Scott Budnick,Inter Miami CF,3,3,24,16,8,0,3,0,0,0.0,66.7,1996
97,Mark Simpson,D.C. United,2,2,8,3,5,0,2,0,0,0.0,37.5,1996
98,Matt Jordan,FC Dallas,1,1,4,1,3,0,1,0,0,0.0,25.0,1996
99,Bill Andracki,Metropolitan Oval,1,1,6,5,1,0,1,0,0,0.0,83.3,1996
100,Tim Howard,Metropolitan Oval,1,1,8,5,1,1,0,0,0,100.0,62.5,1996
101,Scott Coufal,Chicago FIre FC,1,1,5,2,3,0,1,0,0,0.0,40.0,1996
102,Randy Dedini,LA Galaxy,0,0,0,0,0,0,0,0,0,0.0,0.0,1996
103,Manuel Carou,Metropolitan Oval,0,0,0,0,0,0,0,0,0,0.0,0.0,1996
104,Kevin East,Metropolitan Oval,0,0,0,0,0,0,0,0,0,0.0,0.0,1996
105,Dusty Hudock,Colorado Rapids,0,0,0,0,0,0,0,0,0,0.0,0.0,1996
106,Emmett Idzahl,Metropolitan Oval,0,0,0,0,0,0,0,0,0,0.0,0.0,1996
107,Jeremy Oetman,San Jose Earthquakes,0,0,0,0,0,0,0,0,0,0.0,0.0,1996
108,Reginald Pierre-Jerome,Inter Miami CF,0,0,0,0,0,0,0,0,0,0.0,0.0,1996
109,Kevin Rueda,Chicago FIre FC,0,0,0,0,0,0,0,0,0,0.0,0.0,1996
110,Mike Littman,LA Galaxy,0,0,0,0,0,0,0,0,0,0.0,0.0,1996
111,Mike McGinty,Columbus Crew,0,0,0,0,0,0,0,0,0,0.0,0.0,1996
112,David Allred,TB ,0,0,0,0,0,0,0,0,0,0.0,0.0,1996
113,Joe Cannon,San Jose Earthquakes,0,0,0,0,0,0,0,0,0,0.0,0.0,1996
114,Kevin Hartman,LA Galaxy,32,32,150,118,29,20,12,0,11,62.5,78.7,1996
115,Mark Dougherty,Columbus Crew,31,31,152,106,35,18,12,0,6,58.1,69.7,1996
116,Zach Thornton,Chicago FIre FC,30,30,137,99,32,17,12,0,7,56.7,72.3,1996
117,Matt Jordan,FC Dallas,29,29,172,133,31,17,11,0,11,58.6,77.3,1996
118,Scott Garlick,TB ,28,28,193,152,36,14,13,0,5,50.0,78.8,1996
119,Tom Presthus,D.C. United,26,26,129,88,34,17,8,0,3,65.4,68.2,1996
120,Walter Zenga,New England Revolution,25,25,140,87,45,5,13,0,2,20.0,62.1,1996
121,Mike Ammann,Metropolitan Oval,24,24,155,91,51,6,18,0,2,25.0,58.7,1996
122,Joe Cannon,San Jose Earthquakes,24,24,131,96,32,14,10,0,4,58.3,73.3,1996
123,Ian Feuer,Colorado Rapids,19,19,99,70,23,10,9,0,8,52.6,70.7,1996
124,Jeff Causey,New England Revolution,16,7,49,32,8,7,7,0,1,43.8,65.3,1996
125,Garth Lagerwey,Inter Miami CF,16,14,107,77,27,7,7,0,3,43.8,72.0,1996
126,Chris Snitko,KC ,16,15,95,66,26,4,10,0,2,25.0,69.5,1996
127,Jeff Cassar,Inter Miami CF,15,15,83,45,25,5,10,0,3,33.3,54.2,1996
128,Marcus Hahnemann,Colorado Rapids,13,13,85,68,14,10,3,0,4,76.9,80.0,1996
129,Mark Simpson,D.C. United,9,6,48,37,9,6,1,0,1,66.7,77.1,1996
130,Tim Howard,Metropolitan Oval,9,8,55,37,13,1,7,0,0,11.1,67.3,1996
131,Tony Meola,KC ,9,9,48,36,10,1,8,0,3,11.1,75.0,1996
132,David Winner,KC ,8,7,42,27,13,3,5,0,0,37.5,64.3,1996
133,David Kramer,San Jose Earthquakes,8,8,55,35,17,5,3,0,0,62.5,63.6,1996
134,Mark Dodd,FC Dallas,6,3,23,18,4,2,2,0,1,33.3,78.3,1996
135,Andy Kirk,TB ,6,4,32,18,14,0,5,0,0,0.0,56.3,1996
136,Greg Sutton,Chicago FIre FC,3,2,19,14,4,1,2,0,0,33.3,73.7,1996
137,Dusty Hudock,Inter Miami CF,3,3,19,12,7,1,2,0,0,33.3,63.2,1996
138,Matt Napoleon,Columbus Crew,2,1,9,5,4,1,1,0,0,50.0,55.6,1996
139,Matt Reis,LA Galaxy,1,0,1,1,0,0,0,0,0,0.0,100.0,1996
140,Russell Payne,Colorado Rapids,1,0,2,0,2,0,0,0,0,0.0,0.0,1996
141,Cesar Delgado,KC ,1,1,8,4,4,0,1,0,0,0.0,50.0,1996
142,Kevin East,Metropolitan Oval,0,0,0,0,0,0,0,0,0,0.0,0.0,1996
143,Randy Dedini,Colorado Rapids,0,0,0,0,0,0,0,0,0,0.0,0.0,1996
144,Kori Hunter,Metropolitan Oval,0,0,0,0,0,0,0,0,0,0.0,0.0,1996
145,Kurt Kelley,Metropolitan Oval,0,0,0,0,0,0,0,0,0,0.0,0.0,1996
146,Anthony Latronica,New England Revolution,0,0,0,0,0,0,0,0,0,0.0,0.0,1996
147,Mike Littman,LA Galaxy,0,0,0,0,0,0,0,0,0,0.0,0.0,1996
148,Bill May,LA Galaxy,0,0,0,0,0,0,0,0,0,0.0,0.0,1996
149,Steve McAnulty,Metropolitan Oval,0,0,0,0,0,0,0,0,0,0.0,0.0,1996
150,Mike McGinty,Chicago FIre FC,0,0,0,0,0,0,0,0,0,0.0,0.0,1996
151,Johnny Morton,Colorado Rapids,0,0,0,0,0,0,0,0,0,0.0,0.0,1996
152,David Allred,TB ,0,0,0,0,0,0,0,0,0,0.0,0.0,1996
153,Bill Andracki,Metropolitan Oval,0,0,0,0,0,0,0,0,0,0.0,0.0,1996
154,Juergen Sommer,Columbus Crew,0,0,0,0,0,0,0,0,0,0.0,0.0,1996
155,Jon Busch,Chicago FIre FC,0,0,0,0,0,0,0,0,0,0.0,0.0,1996
156,Miguel Pineda,FC Dallas,0,0,0,0,0,0,0,0,0,0.0,0.0,1996
157,Matt Nyman,TB ,0,0,0,0,0,0,0,0,0,0.0,0.0,1996
158,J.J. Wozniak,San Jose Earthquakes,0,0,0,0,0,0,0,0,0,0.0,0.0,1996
159,Scott Vallow,FC Dallas,0,0,0,0,0,0,0,0,0,0.0,0.0,1996
160,Jim Welch,LA Galaxy,0,0,0,0,0,0,0,0,0,0.0,0.0,1996
161,Scott Garlick,TB ,32,32,247,184,50,16,12,4,6,50.0,74.5,1996
162,Tony Meola,KC ,31,31,162,129,29,15,7,9,16,48.4,79.6,1996
163,Matt Jordan,FC Dallas,31,31,188,124,53,13,14,4,7,41.9,66.0,1996
164,Joe Cannon,San Jose Earthquakes,26,26,181,137,40,6,13,7,7,23.1,75.7,1996
165,Kevin Hartman,LA Galaxy,26,26,126,91,27,12,7,7,7,46.2,72.2,1996
166,Mark Dougherty,Columbus Crew,25,25,170,111,46,10,12,3,3,40.0,65.3,1996
167,Zach Thornton,Chicago FIre FC,25,25,127,91,33,15,4,6,5,60.0,71.7,1996
168,Mike Ammann,Metropolitan Oval,22,22,162,108,35,11,9,1,2,50.0,66.7,1996
169,Jeff Causey,New England Revolution,22,21,110,67,34,8,8,5,3,36.4,60.9,1996
170,Nick Rimando,Inter Miami CF,22,22,150,102,41,10,11,1,2,45.5,68.0,1996
171,Tom Presthus,D.C. United,20,20,127,78,42,4,13,2,2,20.0,61.4,1996
172,David Kramer,Colorado Rapids,20,19,125,79,33,9,8,3,4,45.0,63.2,1996
173,Adin Brown,Colorado Rapids,13,13,102,72,26,4,7,1,2,30.8,70.6,1996
174,Mark Simpson,D.C. United,13,12,59,38,21,4,5,4,1,30.8,64.4,1996
175,Juergen Sommer,New England Revolution,11,11,62,40,15,5,5,1,2,45.5,64.5,1996
176,Jeff Cassar,Inter Miami CF,9,9,41,28,10,2,2,4,2,22.2,68.3,1996
177,Tim Howard,Metropolitan Oval,9,8,63,40,14,5,2,2,4,55.6,63.5,1996
178,Matt Napoleon,Columbus Crew,8,7,38,26,12,1,4,2,1,12.5,68.4,1996
179,Jon Conway,San Jose Earthquakes,6,6,43,31,10,1,4,1,2,16.7,72.1,1996
180,Matt Reis,LA Galaxy,6,6,31,21,10,2,3,1,1,33.3,67.7,1996
181,Chris Snitko,Chicago FIre FC,5,5,31,20,10,2,3,0,1,40.0,64.5,1996
182,Garth Lagerwey,Inter Miami CF,2,1,17,11,5,0,2,0,0,0.0,64.7,1996
183,Greg Sutton,Chicago FIre FC,2,2,21,12,8,0,2,0,0,0.0,57.1,1996
184,Paul Grafer,Metropolitan Oval,2,2,17,12,5,1,1,0,0,50.0,70.6,1996
185,Paul Marcoullier,D.C. United,1,0,0,0,0,0,0,0,0,0.0,0.0,1996
186,Russell Payne,LA Galaxy,1,0,5,1,2,0,0,0,0,0.0,20.0,1996
187,Johann Noetzel,FC Dallas,1,1,8,7,1,1,0,0,0,100.0,87.5,1996
188,Bo Oshoniyi,KC ,1,1,3,2,0,1,0,0,1,100.0,66.7,1996
189,Preston Burpo,Colorado Rapids,0,0,0,0,0,0,0,0,0,0.0,0.0,1996
190,Chuck Browder,Columbus Crew,0,0,0,0,0,0,0,0,0,0.0,0.0,1996
191,Scott Budnick,New England Revolution,0,0,0,0,0,0,0,0,0,0.0,0.0,1996
192,Jon Busch,Colorado Rapids,0,0,0,0,0,0,0,0,0,0.0,0.0,1996
193,Matt Nyman,TB ,0,0,0,0,0,0,0,0,0,0.0,0.0,1996
194,Anthony Latronica,Metropolitan Oval,0,0,0,0,0,0,0,0,0,0.0,0.0,1996
195,Matt Nelson,Columbus Crew,0,0,0,0,0,0,0,0,0,0.0,0.0,1996
196,Andy Kirk,TB ,0,0,0,0,0,0,0,0,0,0.0,0.0,1996
197,Greg Connel,Columbus Crew,0,0,0,0,0,0,0,0,0,0.0,0.0,1996
198,Rich Cullen,Colorado Rapids,0,0,0,0,0,0,0,0,0,0.0,0.0,1996
199,Randy Dedini,Colorado Rapids,0,0,0,0,0,0,0,0,0,0.0,0.0,1996
200,Tom Tate,TB ,0,0,0,0,0,0,0,0,0,0.0,0.0,1996
201,Scott Vallow,Chicago FIre FC,0,0,0,0,0,0,0,0,0,0.0,0.0,1996
202,Peter Van Deven,LA Galaxy,0,0,0,0,0,0,0,0,0,0.0,0.0,1996
203,David Winner,New England Revolution,0,0,0,0,0,0,0,0,0,0.0,0.0,1996
204,Zach Thornton,Chicago FIre FC,27,27,145,111,30,16,6,5,9,59.3,76.6,1996
205,Tim Howard,Metropolitan Oval,26,26,190,146,35,13,10,3,4,50.0,76.8,1996
206,Matt Jordan,FC Dallas,26,26,138,91,45,10,11,5,9,38.5,65.9,1996
207,Scott Garlick,Colorado Rapids,26,26,205,138,56,6,15,5,1,23.1,67.3,1996
208,Nick Rimando,Inter Miami CF,25,25,155,116,33,15,5,5,5,60.0,74.8,1996
209,Joe Cannon,San Jose Earthquakes,25,25,134,101,28,13,6,6,7,52.0,75.4,1996
210,Tom Presthus,Columbus Crew,25,25,178,136,35,12,7,6,5,48.0,76.4,1996
211,Adin Brown,Colorado Rapids,22,22,179,118,51,3,16,3,3,13.6,65.9,1996
212,Mike Ammann,D.C. United,19,19,111,73,38,3,14,2,1,15.8,65.8,1996
213,Tony Meola,KC ,17,17,111,80,28,7,8,2,4,41.2,72.1,1996
214,Matt Reis,LA Galaxy,16,15,76,52,22,8,3,4,6,50.0,68.4,1996
215,Bo Oshoniyi,KC ,11,10,74,48,25,4,5,1,3,36.4,64.9,1996
216,Jeff Causey,New England Revolution,11,10,91,58,23,3,5,3,1,27.3,63.7,1996
217,Kevin Hartman,LA Galaxy,11,11,66,48,14,6,4,1,4,54.5,72.7,1996
218,Juergen Sommer,New England Revolution,10,10,68,50,17,3,6,1,1,30.0,73.5,1996
219,Jose Fernandez,New England Revolution,7,7,45,30,12,1,3,2,1,14.3,66.7,1996
220,Mark Simpson,D.C. United,7,7,44,30,12,5,2,0,1,71.4,68.2,1996
221,David Kramer,Colorado Rapids,5,5,34,25,8,0,3,2,0,0.0,73.5,1996
222,Mark Dougherty,Columbus Crew,2,1,6,5,1,1,0,0,0,50.0,83.3,1996
223,Chris Snitko,FC Dallas,1,0,2,0,2,0,0,0,0,0.0,0.0,1996
224,Jon Conway,San Jose Earthquakes,1,1,5,3,1,0,1,0,0,0.0,60.0,1996
225,Jeff Cassar,Inter Miami CF,1,1,9,5,3,1,0,0,0,100.0,55.6,1996
226,Henry Ring,Chicago FIre FC,0,0,0,0,0,0,0,0,0,0.0,0.0,1996
227,Taly Goode,KC ,0,0,0,0,0,0,0,0,0,0.0,0.0,1996
228,D.J. Countess,Metropolitan Oval,0,0,0,0,0,0,0,0,0,0.0,0.0,1996
229,Paul Grafer,Metropolitan Oval,0,0,0,0,0,0,0,0,0,0.0,0.0,1996
230,Rich Cullen,Colorado Rapids,0,0,0,0,0,0,0,0,0,0.0,0.0,1996
231,Randy Dedini,FC Dallas,0,0,0,0,0,0,0,0,0,0.0,0.0,1996
232,Alex Deegan,D.C. United,0,0,0,0,0,0,0,0,0,0.0,0.0,1996
233,Anthony Latronica,KC ,0,0,0,0,0,0,0,0,0,0.0,0.0,1996
234,Jon Lowery,TB ,0,0,0,0,0,0,0,0,0,0.0,0.0,1996
235,Dan Moss,KC ,0,0,0,0,0,0,0,0,0,0.0,0.0,1996
236,Matt Napoleon,Columbus Crew,0,0,0,0,0,0,0,0,0,0.0,0.0,1996
237,Matt Nyman,TB ,0,0,0,0,0,0,0,0,0,0.0,0.0,1996
238,Ronnie Pascale,D.C. United,0,0,0,0,0,0,0,0,0,0.0,0.0,1996
239,Eric Pogue,FC Dallas,0,0,0,0,0,0,0,0,0,0.0,0.0,1996
240,Dan Popik,FC Dallas,0,0,0,0,0,0,0,0,0,0.0,0.0,1996
241,Adam Throop,FC Dallas,0,0,0,0,0,0,0,0,0,0.0,0.0,1996
242,Joe Warren,TB ,0,0,0,0,0,0,0,0,0,0.0,0.0,1996
243,David Winner,Inter Miami CF,0,0,0,0,0,0,0,0,0,0.0,0.0,1996
244,T.J. Hannig,D.C. United,0,0,0,0,0,0,0,0,0,0.0,0.0,1996
245,Preston Burpo,Colorado Rapids,0,0,0,0,0,0,0,0,0,0.0,0.0,1996
246,Cole Burgman,FC Dallas,0,0,0,0,0,0,0,0,0,0.0,0.0,1996
247,Nick Rimando,D.C. United,28,28,183,131,40,9,14,5,7,32.1,71.6,1996
248,Tim Howard,Metropolitan Oval,27,27,195,140,44,11,14,2,4,40.7,71.8,1996
249,Zach Thornton,Chicago FIre FC,27,27,164,124,34,10,13,4,7,37.0,75.6,1996
250,Matt Jordan,FC Dallas,27,27,158,109,42,12,9,6,3,44.4,69.0,1996
251,Joe Cannon,San Jose Earthquakes,26,26,136,100,29,13,10,3,8,50.0,73.5,1996
252,Kevin Hartman,LA Galaxy,18,18,108,83,20,11,6,1,5,61.1,76.9,1996
253,Tony Meola,KC ,17,17,88,65,21,6,5,5,3,35.3,73.9,1996
254,Adin Brown,New England Revolution,16,16,102,72,20,9,6,1,5,56.3,70.6,1996
255,Tom Presthus,Columbus Crew,15,15,103,73,28,3,9,3,2,20.0,70.9,1996
256,Scott Garlick,Colorado Rapids,15,15,92,61,24,6,7,2,4,40.0,66.3,1996
257,Jon Busch,Columbus Crew,14,13,80,63,15,8,3,2,5,57.1,78.8,1996
258,Bo Oshoniyi,KC ,13,11,80,55,24,3,5,4,1,23.1,68.8,1996
259,David Kramer,Colorado Rapids,13,13,75,49,24,7,4,2,2,53.8,65.3,1996
260,Juergen Sommer,New England Revolution,12,12,87,53,29,3,8,1,2,25.0,60.9,1996
261,Matt Reis,LA Galaxy,11,10,47,33,13,5,3,2,2,45.5,70.2,1996
262,Jon Conway,San Jose Earthquakes,3,2,17,11,6,1,1,0,0,33.3,64.7,1996
263,Paul Grafer,Metropolitan Oval,2,1,7,3,3,0,1,0,0,0.0,42.9,1996
264,Henry Ring,Chicago FIre FC,1,1,7,3,4,1,0,0,0,100.0,42.9,1996
265,D.J. Countess,FC Dallas,1,1,7,6,1,0,0,1,0,0.0,85.7,1996
266,Taly Goode,KC ,0,0,0,0,0,0,0,0,0,0.0,0.0,1996
267,Jeff Cassar,Metropolitan Oval,0,0,0,0,0,0,0,0,0,0.0,0.0,1996
268,Greg Sutton,FC Dallas,0,0,0,0,0,0,0,0,0,0.0,0.0,1996
269,Rich Cullen,Colorado Rapids,0,0,0,0,0,0,0,0,0,0.0,0.0,1996
270,Bryheem Hancock,FC Dallas,0,0,0,0,0,0,0,0,0,0.0,0.0,1996
271,Jon Lowery,Colorado Rapids,0,0,0,0,0,0,0,0,0,0.0,0.0,1996
272,Josh Lynk,FC Dallas,0,0,0,0,0,0,0,0,0,0.0,0.0,1996
273,Mike McGinty,D.C. United,0,0,0,0,0,0,0,0,0,0.0,0.0,1996
274,Matt Napoleon,Colorado Rapids,0,0,0,0,0,0,0,0,0,0.0,0.0,1996
275,Dan Sirota,LA Galaxy,0,0,0,0,0,0,0,0,0,0.0,0.0,1996
276,Dmitri Strunkin,New England Revolution,0,0,0,0,0,0,0,0,0,0.0,0.0,1996
277,Michael Ueltschey,Colorado Rapids,0,0,0,0,0,0,0,0,0,0.0,0.0,1996
278,Scott Vallow,FC Dallas,0,0,0,0,0,0,0,0,0,0.0,0.0,1996
279,Chris Wanamaker,Columbus Crew,0,0,0,0,0,0,0,0,0,0.0,0.0,1996
280,Zach Thornton,Chicago FIre FC,30,30,165,123,37,15,6,8,8,50.0,74.5,1996
281,Kevin Hartman,LA Galaxy,30,30,190,149,35,9,12,9,3,30.0,78.4,1996
282,Tony Meola,KC ,30,30,172,121,44,11,10,9,4,36.7,70.3,1996
283,Pat Onstad,San Jose Earthquakes,27,27,138,103,29,14,5,8,9,51.9,74.6,1996
284,Scott Garlick,Colorado Rapids,26,26,123,83,38,11,10,5,9,42.3,67.5,1996
285,Nick Rimando,D.C. United,25,25,131,100,29,10,9,6,7,40.0,76.3,1996
286,Adin Brown,New England Revolution,25,25,136,95,37,11,6,8,4,44.0,69.9,1996
287,D.J. Countess,FC Dallas,24,24,173,115,48,5,15,4,2,20.8,66.5,1996
288,Jon Busch,Columbus Crew,24,24,144,104,35,9,8,6,4,37.5,72.2,1996
289,Jonny Walker,Metropolitan Oval,14,14,70,55,14,4,5,5,4,28.6,78.6,1996
290,Tim Howard,Metropolitan Oval,13,13,96,74,18,6,3,4,3,46.2,77.1,1996
291,Jeff Cassar,FC Dallas,7,6,40,23,16,1,4,1,2,14.3,57.5,1996
292,Tom Presthus,Columbus Crew,7,6,30,21,9,1,4,2,2,14.3,70.0,1996
293,Doug Warren,D.C. United,5,4,33,26,6,0,2,2,0,0.0,78.8,1996
294,Matt Reis,New England Revolution,5,5,23,12,10,1,3,1,0,20.0,52.2,1996
295,Scott Vallow,Colorado Rapids,4,4,22,14,7,0,2,2,0,0.0,63.6,1996
296,Paul Grafer,Metropolitan Oval,3,3,24,14,8,1,2,0,1,33.3,58.3,1996
297,Jon Conway,San Jose Earthquakes,3,3,18,11,6,0,2,1,1,0.0,61.1,1996
298,Bo Oshoniyi,KC ,1,0,0,0,0,0,0,0,0,0.0,0.0,1996
299,Kyle Singer,New England Revolution,1,0,0,0,0,0,0,0,0,0.0,0.0,1996
300,Henry Ring,Chicago FIre FC,1,0,1,1,0,0,0,0,0,0.0,100.0,1996
301,Dan Popik,LA Galaxy,1,0,0,0,0,0,0,0,0,0.0,0.0,1996
302,Curtis Spiteri,Chicago FIre FC,1,0,10,4,6,0,1,0,0,0.0,40.0,1996
303,Joe Cannon,Colorado Rapids,1,0,0,0,0,0,0,0,0,0.0,0.0,1996
304,Clint Baumstark,Columbus Crew,1,1,1,0,1,0,0,1,0,0.0,0.0,1996
305,Byron Foss,Colorado Rapids,0,0,0,0,0,0,0,0,0,0.0,0.0,1996
306,Jorge Geddes,D.C. United,0,0,0,0,0,0,0,0,0,0.0,0.0,1996
307,Mike McGinty,Chicago FIre FC,0,0,0,0,0,0,0,0,0,0.0,0.0,1996
308,Michael Ueltschey,Columbus Crew,0,0,0,0,0,0,0,0,0,0.0,0.0,1996
309,Josh Saunders,San Jose Earthquakes,0,0,0,0,0,0,0,0,0,0.0,0.0,1996
310,Taly Goode,KC ,0,0,0,0,0,0,0,0,0,0.0,0.0,1996
311,Kevin Hartman,LA Galaxy,30,30,164,117,39,11,8,10,7,36.7,71.3,2004
312,Joe Cannon,Colorado Rapids,30,30,187,150,32,10,9,11,10,33.3,80.2,2004
313,Jon Busch,Columbus Crew,29,29,169,132,31,12,5,12,10,41.4,78.1,2004
314,Henry Ring,Chicago FIre FC,28,28,170,128,40,7,12,9,7,25.0,75.3,2004
315,Jonny Walker,Metropolitan Oval,28,28,148,99,45,10,11,7,5,35.7,66.9,2004
316,Pat Onstad,San Jose Earthquakes,25,25,132,98,32,7,8,10,6,28.0,74.2,2004
317,Matt Reis,New England Revolution,24,23,134,97,32,7,10,7,3,29.2,72.4,2004
318,Tony Meola,KC ,21,21,102,76,22,9,7,5,7,42.9,74.5,2004
319,Jeff Cassar,FC Dallas,19,19,94,65,27,7,8,4,4,36.8,69.1,2004
320,Troy Perkins,D.C. United,16,16,81,52,26,4,6,6,3,25.0,64.2,2004
321,Nick Rimando,D.C. United,13,13,40,26,13,7,3,3,4,53.8,65.0,2004
322,Scott Garlick,FC Dallas,12,11,72,52,18,3,6,2,4,25.0,72.2,2004
323,Bo Oshoniyi,KC ,9,9,56,42,8,5,2,2,5,55.6,75.0,2004
324,Adin Brown,New England Revolution,7,7,51,39,11,1,3,2,1,14.3,76.5,2004
325,Jon Conway,San Jose Earthquakes,5,5,18,15,3,2,2,1,2,40.0,83.3,2004
326,D.J. Countess,Chicago FIre FC,2,2,9,4,4,1,1,0,0,50.0,44.4,2004
327,Zach Wells,Metropolitan Oval,2,2,8,4,4,1,1,0,0,50.0,50.0,2004
328,Dan Popik,LA Galaxy,1,0,3,2,1,0,1,0,0,0.0,66.7,2004
329,Matt Jordan,Columbus Crew,1,1,7,5,1,0,0,1,0,0.0,71.4,2004
330,Doug Warren,D.C. United,1,1,10,6,3,0,1,0,0,0.0,60.0,2004
331,Matt Pickens,Chicago FIre FC,0,0,0,0,0,0,0,0,0,0.0,0.0,2004
332,William Hesmer,KC ,0,0,0,0,0,0,0,0,0,0.0,0.0,2004
333,Zach Thornton,Chicago FIre FC,0,0,0,0,0,0,0,0,0,0.0,0.0,2004
334,Kyle Singer,New England Revolution,0,0,0,0,0,0,0,0,0,0.0,0.0,2004
335,Andrew Terris,FC Dallas,0,0,0,0,0,0,0,0,0,0.0,0.0,2004
336,Scott Vallow,Colorado Rapids,0,0,0,0,0,0,0,0,0,0.0,0.0,2004
337,Steve Cronin,San Jose Earthquakes,0,0,0,0,0,0,0,0,0,0.0,0.0,2004
338,Clint Baumstark,Columbus Crew,0,0,0,0,0,0,0,0,0,0.0,0.0,2004
339,Peter Billmeyer,FC Dallas,0,0,0,0,0,0,0,0,0,0.0,0.0,2004
340,Pat Onstad,San Jose Earthquakes,32,32,136,105,31,18,4,10,12,56.3,77.2,2005
341,Bo Oshoniyi,KC ,32,32,163,112,44,11,9,12,7,34.4,68.7,2005
342,Matt Reis,New England Revolution,31,31,162,115,35,16,7,8,10,51.6,71.0,2005
343,Kevin Hartman,LA Galaxy,31,31,138,94,43,13,13,5,6,41.9,68.1,2005
344,Nick Rimando,D.C. United,30,30,128,92,35,15,9,6,11,50.0,71.9,2005
345,Scott Garlick,FC Dallas,28,27,135,98,37,13,8,7,6,46.4,72.6,2005
346,Zach Thornton,Chicago FIre FC,27,26,126,82,42,12,10,2,6,44.4,65.1,2005
347,Joe Cannon,Colorado Rapids,27,27,139,100,32,10,12,4,8,37.0,71.9,2005
348,D.J. Countess,Real Salt Lake,27,27,170,112,54,4,19,4,4,14.8,65.9,2005
349,Brad Guzan,Atlanta United,24,23,156,104,46,3,16,4,2,12.5,66.7,2005
350,Zach Wells,Metropolitan Oval,17,17,95,69,21,6,4,7,4,35.3,72.6,2005
351,Jonny Walker,Columbus Crew,16,16,87,66,18,6,8,2,5,37.5,75.9,2005
352,Tony Meola,Metropolitan Oval,15,15,117,83,28,6,5,4,2,40.0,70.9,2005
353,Jon Busch,Columbus Crew,9,9,50,34,14,3,5,1,3,33.3,68.0,2005
354,Byron Foss,Colorado Rapids,6,5,26,21,5,3,1,2,2,50.0,80.8,2005
355,Bill Gaudette,Columbus Crew,6,5,33,21,10,1,3,1,1,16.7,63.6,2005
356,Matt Pickens,Chicago FIre FC,5,3,15,10,4,2,2,1,0,40.0,66.7,2005
357,Sergio Garcia,Chivas USA,5,5,30,19,8,1,3,1,1,20.0,63.3,2005
358,Jay Nolly,Real Salt Lake,5,5,46,34,11,1,3,1,0,20.0,73.9,2005
359,Jeff Cassar,FC Dallas,4,4,21,13,7,0,2,1,0,0.0,61.9,2005
360,Martin Zuniga,Chivas USA,4,4,32,18,13,0,3,1,0,0.0,56.3,2005
361,David Mahoney,Chicago FIre FC,3,3,11,7,4,1,1,1,1,33.3,63.6,2005
362,Doug Warren,New England Revolution,2,1,7,4,2,1,0,0,0,50.0,57.1,2005
363,Troy Perkins,D.C. United,2,2,8,5,2,1,1,0,0,50.0,62.5,2005
364,Matt Jordan,Columbus Crew,2,2,16,13,3,1,0,1,0,50.0,81.3,2005
365,Dario Sala,FC Dallas,1,1,2,2,0,0,0,1,1,0.0,100.0,2005
366,Steve Cronin,LA Galaxy,1,1,5,3,2,0,0,1,0,0.0,60.0,2005
367,Bouna Coundoul,Colorado Rapids,0,0,0,0,0,0,0,0,0,0.0,0.0,2005
368,Chris Gomez,FC Dallas,0,0,0,0,0,0,0,0,0,0.0,0.0,2005
369,Martin Hutton,KC ,0,0,0,0,0,0,0,0,0,0.0,0.0,2005
370,Shaun Kalnasy,Chivas USA,0,0,0,0,0,0,0,0,0,0.0,0.0,2005
371,Noah Palmer,Real Salt Lake,0,0,0,0,0,0,0,0,0,0.0,0.0,2005
372,Kyle Singer,New England Revolution,0,0,0,0,0,0,0,0,0,0.0,0.0,2005
373,Andrew Terris,Columbus Crew,0,0,0,0,0,0,0,0,0,0.0,0.0,2005
374,T.J. Tomasso,New England Revolution,0,0,0,0,0,0,0,0,0,0.0,0.0,2005
375,Michael Ueltschey,Metropolitan Oval,0,0,0,0,0,0,0,0,0,0.0,0.0,2005
376,William Hesmer,KC ,0,0,0,0,0,0,0,0,0,0.0,0.0,2005
377,Jon Conway,San Jose Earthquakes,0,0,0,0,0,0,0,0,0,0.0,0.0,2005
378,Robby Fulton,San Jose Earthquakes,0,0,0,0,0,0,0,0,0,0.0,0.0,2005
379,Josh Saunders,LA Galaxy,0,0,0,0,0,0,0,0,0,0.0,0.0,2005
380,Andrew Weber,D.C. United,0,0,0,0,0,0,0,0,0,0.0,0.0,2005
381,Javier Barragan,Chivas USA,0,0,0,0,0,0,0,0,0,0.0,0.0,2005
382,Clint Baumstark,Chicago FIre FC,0,0,0,0,0,0,0,0,0,0.0,0.0,2005
383,Michael Cardenas,Columbus Crew,0,0,0,0,0,0,0,0,0,0.0,0.0,2005
384,Pat Onstad,Houston Dynamo FC,32,32,132,85,40,11,8,13,5,34.4,64.4,2006
385,Matt Reis,New England Revolution,32,32,182,141,35,12,8,12,10,37.5,77.5,2006
386,Scott Garlick,Real Salt Lake,31,31,158,108,43,10,12,9,4,32.3,68.4,2006
387,Troy Perkins,D.C. United,30,30,140,100,34,15,6,9,8,50.0,71.4,2006
388,Bo Oshoniyi,KC ,29,29,138,95,41,9,12,8,5,31.0,68.8,2006
389,Joe Cannon,Colorado Rapids,28,28,146,99,42,9,11,7,7,32.1,67.8,2006
390,Dario Sala,FC Dallas,28,28,129,93,34,14,10,4,5,50.0,72.1,2006
391,Kevin Hartman,LA Galaxy,28,28,120,88,32,10,12,6,9,35.7,73.3,2006
392,Zach Thornton,Chicago FIre FC,24,24,118,86,30,8,8,8,7,33.3,72.9,2006
393,Tony Meola,New York City,20,20,120,91,29,2,9,9,5,10.0,75.8,2006
394,Preston Burpo,Chivas USA,19,19,87,58,23,7,3,9,5,36.8,66.7,2006
395,Brad Guzan,Atlanta United,13,13,70,49,19,3,6,4,5,23.1,70.0,2006
396,Jon Conway,New York City,12,12,67,54,12,7,2,3,5,58.3,80.6,2006
397,Bill Gaudette,Columbus Crew,11,11,60,45,13,3,5,3,3,27.3,75.0,2006
398,Noah Palmer,Columbus Crew,10,10,56,40,13,1,5,4,1,10.0,71.4,2006
399,Jon Busch,Columbus Crew,8,8,45,34,9,3,3,2,3,37.5,75.6,2006
400,Matt Pickens,Chicago FIre FC,8,8,57,47,11,5,3,0,1,62.5,82.5,2006
401,Bouna Coundoul,Colorado Rapids,5,4,22,15,7,2,2,1,2,40.0,68.2,2006
402,Shaka Hislop,FC Dallas,4,4,25,13,10,2,2,0,0,50.0,52.0,2006
403,Steve Cronin,LA Galaxy,4,4,16,11,5,1,3,0,0,25.0,68.8,2006
404,Andy Gruenebaum,Columbus Crew,3,2,14,12,2,1,1,0,0,33.3,85.7,2006
405,William Hesmer,KC ,3,3,12,9,4,1,2,0,1,33.3,75.0,2006
406,Jay Nolly,Real Salt Lake,2,1,13,7,6,0,1,0,0,0.0,53.8,2006
407,Nick Rimando,D.C. United,2,2,10,6,4,0,1,1,0,0.0,60.0,2006
408,Jeff Cassar,FC Dallas,1,0,3,3,0,0,0,0,0,0.0,100.0,2006
409,Dan Popik,Columbus Crew,1,1,11,7,5,0,1,0,0,0.0,63.6,2006
410,T.J. Tomasso,New England Revolution,0,0,0,0,0,0,0,0,0,0.0,0.0,2006
411,Chase Harrison,Real Salt Lake,0,0,0,0,0,0,0,0,0,0.0,0.0,2006
412,Matt Jordan,Colorado Rapids,0,0,0,0,0,0,0,0,0,0.0,0.0,2006
413,Doug Warren,New England Revolution,0,0,0,0,0,0,0,0,0,0.0,0.0,2006
414,Jonny Walker,Columbus Crew,0,0,0,0,0,0,0,0,0,0.0,0.0,2006
415,David Mahoney,Chicago FIre FC,0,0,0,0,0,0,0,0,0,0.0,0.0,2006
416,Eric Kronberg,KC ,0,0,0,0,0,0,0,0,0,0.0,0.0,2006
417,Ray Burse,FC Dallas,0,0,0,0,0,0,0,0,0,0.0,0.0,2006
418,Zach Wells,Houston Dynamo FC,0,0,0,0,0,0,0,0,0,0.0,0.0,2006
419,Josh Saunders,LA Galaxy,0,0,0,0,0,0,0,0,0,0.0,0.0,2006
420,Nick Armington,Real Salt Lake,0,0,0,0,0,0,0,0,0,0.0,0.0,2006
421,Michael Behonick,New York City,0,0,0,0,0,0,0,0,0,0.0,0.0,2006
422,Chris Dunsheath,LA Galaxy,0,0,0,0,0,0,0,0,0,0.0,0.0,2006
423,Peter Dzubay,Chicago FIre FC,0,0,0,0,0,0,0,0,0,0.0,0.0,2006
424,Martin Hutton,Houston Dynamo FC,0,0,0,0,0,0,0,0,0,0.0,0.0,2006
425,Dominik Jakubek,Columbus Crew,0,0,0,0,0,0,0,0,0,0.0,0.0,2006
426,Ryan McIntosh,D.C. United,0,0,0,0,0,0,0,0,0,0.0,0.0,2006
427,Bouna Coundoul,Colorado Rapids,30,30,158,120,32,9,12,8,9,30.0,75.9,2007
428,Kevin Hartman,KC ,30,30,159,110,45,11,12,7,5,36.7,69.2,2007
429,Matt Reis,New England Revolution,30,30,169,120,43,14,8,8,10,46.7,71.0,2007
430,Joe Cannon,LA Galaxy,29,29,171,119,46,9,13,7,5,31.0,69.6,2007
431,Troy Perkins,D.C. United,29,29,155,117,32,16,6,7,8,55.2,75.5,2007
432,Pat Onstad,Houston Dynamo FC,27,27,109,85,22,13,8,6,11,48.1,78.0,2007
433,Nick Rimando,Real Salt Lake,27,27,191,146,37,6,13,8,7,22.2,76.4,2007
434,Matt Pickens,Chicago FIre FC,27,27,137,102,31,9,8,10,10,33.3,74.5,2007
435,Brad Guzan,Atlanta United,27,27,119,87,25,14,6,7,13,51.9,73.1,2007
436,William Hesmer,Columbus Crew,20,20,99,71,29,8,7,5,5,40.0,71.7,2007
437,Ronald Waterreus,New York City,18,18,89,59,31,6,6,5,5,33.3,66.3,2007
438,Dario Sala,FC Dallas,18,18,97,64,29,8,7,3,5,44.4,66.0,2007
439,Jon Conway,New York City,14,12,79,57,14,6,5,2,4,42.9,72.2,2007
440,Kenny Stamatopoulos,Toronto FC,12,12,61,41,20,1,8,3,2,8.3,67.2,2007
441,Andy Gruenebaum,Columbus Crew,10,10,53,35,15,1,4,5,3,10.0,66.0,2007
442,Srdjan Djekanovic,Toronto FC,8,7,34,22,9,2,3,2,2,25.0,64.7,2007
443,Greg Sutton,Toronto FC,8,8,53,36,15,2,5,1,1,25.0,67.9,2007
444,Shaka Hislop,FC Dallas,6,6,32,23,9,2,3,1,0,33.3,71.9,2007
445,Ray Burse,FC Dallas,6,6,29,23,6,3,2,1,2,50.0,79.3,2007
446,Zach Wells,Houston Dynamo FC,4,3,9,8,1,2,0,1,2,50.0,88.9,2007
447,Preston Burpo,Chivas USA,3,3,16,13,3,1,1,1,1,33.3,81.3,2007
448,Jon Busch,Chicago FIre FC,3,3,20,15,5,1,2,0,1,33.3,75.0,2007
449,Chris Seitz,D.C. United,3,3,14,6,8,0,2,1,0,0.0,42.9,2007
450,Sam Reynolds,Toronto FC,2,2,11,9,2,1,0,1,0,50.0,81.8,2007
451,Zach Thornton,Colorado Rapids,1,0,3,1,2,0,1,0,0,0.0,33.3,2007
452,Jay Nolly,D.C. United,1,1,9,7,2,0,1,0,0,0.0,77.8,2007
453,Steve Cronin,LA Galaxy,1,1,8,6,2,0,1,0,0,0.0,75.0,2007
454,David Monsalve,Toronto FC,1,1,10,7,3,0,1,0,0,0.0,70.0,2007
455,Justin Myers,Chivas USA,0,0,0,0,0,0,0,0,0,0.0,0.0,2007
456,Matt Wideman,Real Salt Lake,0,0,0,0,0,0,0,0,0,0.0,0.0,2007
457,Lance Friesz,LA Galaxy,0,0,0,0,0,0,0,0,0,0.0,0.0,2007
458,Kyle Reynish,Real Salt Lake,0,0,0,0,0,0,0,0,0,0.0,0.0,2007
459,Jordan James,Houston Dynamo FC,0,0,0,0,0,0,0,0,0,0.0,0.0,2007
460,Nick Noble,Chicago FIre FC,0,0,0,0,0,0,0,0,0,0.0,0.0,2007
461,Bill Gaudette,Columbus Crew,0,0,0,0,0,0,0,0,0,0.0,0.0,2007
462,Justin Hughes,Colorado Rapids,0,0,0,0,0,0,0,0,0,0.0,0.0,2007
463,Shawn Crowe,D.C. United,0,0,0,0,0,0,0,0,0,0.0,0.0,2007
464,Eric Kronberg,KC ,0,0,0,0,0,0,0,0,0,0.0,0.0,2007
465,Chris Konopka,KC ,0,0,0,0,0,0,0,0,0,0.0,0.0,2007
466,Boris Pardo,FC Dallas,0,0,0,0,0,0,0,0,0,0.0,0.0,2007
467,Brad Knighton,New England Revolution,0,0,0,0,0,0,0,0,0,0.0,0.0,2007
468,Danny Cepero,New York City,0,0,0,0,0,0,0,0,0,0.0,0.0,2007
469,Tomer Chencinski,Toronto FC,0,0,0,0,0,0,0,0,0,0.0,0.0,2007
470,Doug Warren,New England Revolution,0,0,0,0,0,0,0,0,0,0.0,0.0,2007
471,Nick Rimando,Real Salt Lake,30,30,140,96,39,10,10,10,8,33.3,68.6,2008
472,Jon Busch,Chicago FIre FC,30,30,156,122,33,13,10,7,10,43.3,78.2,2008
473,Kevin Hartman,KC ,30,30,162,117,39,11,10,9,10,36.7,72.2,2008
474,Joe Cannon,San Jose Earthquakes,30,30,166,124,38,8,13,9,9,26.7,74.7,2008
475,William Hesmer,Columbus Crew,29,29,132,97,33,17,6,6,10,58.6,73.5,2008
476,Matt Reis,New England Revolution,28,28,150,107,38,11,11,6,6,39.3,71.3,2008
477,Jon Conway,New York City,28,28,146,98,42,9,10,9,7,32.1,67.1,2008
478,Dario Sala,FC Dallas,28,28,131,92,37,8,8,12,7,28.6,70.2,2008
479,Pat Onstad,Houston Dynamo FC,24,24,105,76,24,10,4,9,7,41.7,72.4,2008
480,Greg Sutton,Toronto FC,24,24,160,116,35,7,10,7,6,29.2,72.5,2008
481,Steve Cronin,LA Galaxy,22,22,141,92,44,6,9,6,2,27.3,65.2,2008
482,Zach Wells,D.C. United,17,17,85,56,28,8,8,1,1,47.1,65.9,2008
483,Bouna Coundoul,Colorado Rapids,17,17,77,54,21,6,8,3,5,35.3,70.1,2008
484,Brad Guzan,Atlanta United,15,15,71,48,20,6,5,4,4,40.0,67.6,2008
485,Preston Burpo,Colorado Rapids,13,13,63,37,24,5,6,2,3,38.5,58.7,2008
486,Louis Crayton,D.C. United,12,12,64,43,19,3,6,3,4,25.0,67.2,2008
487,Dan Kennedy,Chivas USA,9,8,33,23,8,4,3,0,3,44.4,69.7,2008
488,Zach Thornton,Chivas USA,8,7,32,16,13,2,3,3,1,25.0,50.0,2008
489,Tony Caig,Houston Dynamo FC,7,6,36,24,8,3,1,3,3,42.9,66.7,2008
490,Josh Wicks,LA Galaxy,6,5,33,20,12,1,2,3,0,16.7,60.6,2008
491,Brian Edwards,Toronto FC,6,6,31,23,8,2,3,1,2,33.3,74.2,2008
492,Doug Warren,New England Revolution,3,2,10,5,5,1,0,1,0,33.3,50.0,2008
493,Josh Saunders,LA Galaxy,3,3,13,8,6,1,2,0,0,33.3,61.5,2008
494,Ray Burse,FC Dallas,2,2,16,12,4,0,2,0,0,0.0,75.0,2008
495,Danny Cepero,New York City,2,2,11,5,6,1,1,0,0,50.0,45.5,2008
496,Andy Gruenebaum,Columbus Crew,1,1,5,2,3,0,1,0,0,0.0,40.0,2008
497,Jose Carvallo,D.C. United,1,1,6,2,4,0,1,0,0,0.0,33.3,2008
498,Caleb Patterson-Sewell,New York City,0,0,0,0,0,0,0,0,0,0.0,0.0,2008
499,Lance Parker,Chivas USA,0,0,0,0,0,0,0,0,0,0.0,0.0,2008
500,Josh Lambo,FC Dallas,0,0,0,0,0,0,0,0,0,0.0,0.0,2008
501,Corbin Waller,Houston Dynamo FC,0,0,0,0,0,0,0,0,0,0.0,0.0,2008
502,Charles Alamo,LA Galaxy,0,0,0,0,0,0,0,0,0,0.0,0.0,2008
503,Vito Higgins,LA Galaxy,0,0,0,0,0,0,0,0,0,0.0,0.0,2008
504,Kenny Schoeni,Columbus Crew,0,0,0,0,0,0,0,0,0,0.0,0.0,2008
505,David Monsalve,FC Dallas,0,0,0,0,0,0,0,0,0,0.0,0.0,2008
506,Justin Hughes,Colorado Rapids,0,0,0,0,0,0,0,0,0,0.0,0.0,2008
507,Eric Kronberg,KC ,0,0,0,0,0,0,0,0,0,0.0,0.0,2008
508,Boris Pardo,KC ,0,0,0,0,0,0,0,0,0,0.0,0.0,2008
509,Brad Knighton,New England Revolution,0,0,0,0,0,0,0,0,0,0.0,0.0,2008
510,Nick Noble,Chicago FIre FC,0,0,0,0,0,0,0,0,0,0.0,0.0,2008
511,Terry Boss,New York City,0,0,0,0,0,0,0,0,0,0.0,0.0,2008
512,Tyler Kettering,Chicago FIre FC,0,0,0,0,0,0,0,0,0,0.0,0.0,2008
513,Andrew Kartunen,KC ,0,0,0,0,0,0,0,0,0,0.0,0.0,2008
514,Chris Sharpe,Colorado Rapids,0,0,0,0,0,0,0,0,0,0.0,0.0,2008
515,Kyle Reynish,Real Salt Lake,0,0,0,0,0,0,0,0,0,0.0,0.0,2008
516,Chris Seitz,D.C. United,0,0,0,0,0,0,0,0,0,0.0,0.0,2008
517,Mike Graczyk,Colorado Rapids,0,0,0,0,0,0,0,0,0,0.0,0.0,2008
518,Dan Benton,San Jose Earthquakes,0,0,0,0,0,0,0,0,0,0.0,0.0,2008
519,James Thorpe,D.C. United,0,0,0,0,0,0,0,0,0,0.0,0.0,2008
520,Michael Gustavson,San Jose Earthquakes,0,0,0,0,0,0,0,0,0,0.0,0.0,2008
521,Pat Onstad,Houston Dynamo FC,30,30,121,89,29,13,8,9,10,43.3,73.6,2009
522,Jon Busch,Chicago FIre FC,30,30,136,103,34,11,7,12,10,36.7,75.7,2009
523,Kevin Hartman,KC ,30,30,153,105,42,8,13,9,7,26.7,68.6,2009
524,Kasey Keller,Seattle Sounders FC,29,29,108,78,26,12,5,11,10,41.4,72.2,2009
525,Joe Cannon,San Jose Earthquakes,28,28,147,97,47,6,14,8,3,21.4,66.0,2009
526,Zach Thornton,Chivas USA,27,27,111,83,23,12,9,6,12,44.4,74.8,2009
527,Donovan Ricketts,LA Galaxy,26,26,112,82,26,10,5,10,9,38.5,73.2,2009
528,Nick Rimando,Real Salt Lake,26,26,108,73,29,10,10,6,9,38.5,67.6,2009
529,Stefan Frei,Seattle Sounders FC,26,26,141,98,38,9,9,7,5,34.6,69.5,2009
530,Matt Reis,New England Revolution,24,24,140,114,23,10,8,6,8,41.7,81.4,2009
531,Josh Wicks,D.C. United,19,19,104,78,26,5,5,8,5,26.3,75.0,2009
532,Matt Pickens,Colorado Rapids,19,19,63,39,22,9,6,4,7,47.4,61.9,2009
533,William Hesmer,Columbus Crew,19,19,86,68,18,9,4,6,7,47.4,79.1,2009
534,Ray Burse,FC Dallas,17,16,92,62,27,4,8,5,1,23.5,67.4,2009
535,Dario Sala,FC Dallas,14,14,63,43,20,7,5,1,4,50.0,68.3,2009
536,Danny Cepero,New York City,13,13,85,62,21,2,8,3,0,15.4,72.9,2009
537,Preston Burpo,Colorado Rapids,11,11,41,23,16,1,4,6,1,9.1,56.1,2009
538,Andy Gruenebaum,Columbus Crew,10,10,36,21,12,4,2,4,1,40.0,58.3,2009
539,Jon Conway,Chivas USA,9,9,51,33,16,1,7,1,1,11.1,64.7,2009
540,Bouna Coundoul,New York City,8,8,46,32,10,2,4,2,2,25.0,69.6,2009
541,Josh Saunders,LA Galaxy,6,4,18,12,5,2,1,2,2,33.3,66.7,2009
542,Brad Knighton,New England Revolution,6,6,49,36,14,1,2,3,0,16.7,73.5,2009
543,Louis Crayton,D.C. United,6,6,31,21,8,2,1,3,1,33.3,67.7,2009
544,Milos Kocic,D.C. United,4,3,16,9,8,1,2,1,0,25.0,56.3,2009
545,Lance Parker,Chivas USA,4,3,19,11,8,1,2,0,1,25.0,57.9,2009
546,Chris Seitz,D.C. United,4,4,20,13,5,1,2,1,1,25.0,65.0,2009
547,Brian Edwards,Toronto FC,3,3,17,11,6,1,1,1,1,33.3,64.7,2009
548,Greg Sutton,Toronto FC,2,1,5,3,2,0,1,1,0,0.0,60.0,2009
549,Steve Cronin,D.C. United,2,2,12,9,2,1,0,1,1,50.0,75.0,2009
550,Andrew Weber,San Jose Earthquakes,2,2,17,11,3,1,0,1,0,50.0,64.7,2009
551,Kyle Reynish,Real Salt Lake,1,0,2,1,1,0,0,0,0,0.0,50.0,2009
552,Ben Dragavon,Seattle Sounders FC,1,0,3,2,1,0,1,0,0,0.0,66.7,2009
553,Alec Dufty,New York City,1,0,2,2,0,0,0,0,0,0.0,100.0,2009
554,Chris Eylander,Seattle Sounders FC,1,1,3,1,2,0,1,0,0,0.0,33.3,2009
555,Kenny Schoeni,Columbus Crew,1,1,5,4,1,0,1,0,0,0.0,80.0,2009
556,Josh Lambo,FC Dallas,0,0,0,0,0,0,0,0,0,0.0,0.0,2009
557,Dan Kennedy,Chivas USA,0,0,0,0,0,0,0,0,0,0.0,0.0,2009
558,Mike Graczyk,San Jose Earthquakes,0,0,0,0,0,0,0,0,0,0.0,0.0,2009
559,Tally Hall,Houston Dynamo FC,0,0,0,0,0,0,0,0,0,0.0,0.0,2009
560,Nick Noble,Chicago FIre FC,0,0,0,0,0,0,0,0,0,0.0,0.0,2009
561,Eric Kronberg,KC ,0,0,0,0,0,0,0,0,0,0.0,0.0,2009
562,Boris Pardo,KC ,0,0,0,0,0,0,0,0,0,0.0,0.0,2009
563,Zack Simmons,New England Revolution,0,0,0,0,0,0,0,0,0,0.0,0.0,2009
564,Terry Boss,Seattle Sounders FC,0,0,0,0,0,0,0,0,0,0.0,0.0,2009
565,Steward Ceus,Colorado Rapids,0,0,0,0,0,0,0,0,0,0.0,0.0,2009
566,Andrew Dykstra,Chicago FIre FC,0,0,0,0,0,0,0,0,0,0.0,0.0,2009
567,Bobby Shuttleworth,Chicago FIre FC,0,0,0,0,0,0,0,0,0,0.0,0.0,2009
568,Tyler Deric,Houston Dynamo FC,0,0,0,0,0,0,0,0,0,0.0,0.0,2009
569,Kasey Keller,Seattle Sounders FC,30,30,119,82,34,14,10,5,11,46.7,68.9,2010
570,William Hesmer,Columbus Crew,30,30,122,84,33,14,8,8,11,46.7,68.9,2010
571,Donovan Ricketts,LA Galaxy,29,29,104,79,26,18,7,4,11,62.1,76.0,2010
572,Matt Pickens,Colorado Rapids,29,29,120,88,32,11,8,10,7,37.9,73.3,2010
573,Jimmy Nielsen,KC ,29,29,114,80,34,10,13,6,10,34.5,70.2,2010
574,Stefan Frei,Seattle Sounders FC,28,28,153,108,37,8,13,7,8,28.6,70.6,2010
575,Bouna Coundoul,New York City,27,27,134,105,28,14,8,5,11,51.9,78.4,2010
576,Nick Rimando,Real Salt Lake,27,27,100,78,18,15,4,8,14,55.6,78.0,2010
577,Zach Thornton,Chivas USA,23,23,97,63,33,6,12,3,6,26.1,64.9,2010
578,Chris Seitz,D.C. United,23,22,114,68,41,5,12,6,0,21.7,59.6,2010
579,Pat Onstad,Houston Dynamo FC,23,23,90,49,40,6,12,5,4,26.1,54.4,2010
580,Troy Perkins,D.C. United,22,22,109,72,37,3,15,4,5,13.6,66.1,2010
581,Kevin Hartman,FC Dallas,20,20,71,56,12,10,1,8,9,50.0,78.9,2010
582,Jon Busch,San Jose Earthquakes,18,18,104,81,19,7,6,5,7,38.9,77.9,2010
583,Andrew Dykstra,Chicago FIre FC,17,17,80,55,21,5,6,6,5,29.4,68.8,2010
584,Matt Reis,New England Revolution,14,14,79,51,25,4,7,3,3,28.6,64.6,2010
585,Sean Johnson,New York City,13,13,69,52,17,4,6,3,3,30.8,75.4,2010
586,Joe Cannon,San Jose Earthquakes,12,12,55,38,14,6,4,2,6,50.0,69.1,2010
587,Preston Burpo,New England Revolution,11,11,65,48,16,2,6,2,2,18.2,73.8,2010
588,Dario Sala,FC Dallas,11,10,50,34,16,2,3,6,1,18.2,68.0,2010
589,Brad Knighton,New England Revolution,8,8,33,23,8,3,3,1,2,37.5,69.7,2010
590,Bill Hamid,D.C. United,8,8,31,20,10,3,5,0,1,37.5,64.5,2010
591,Dan Kennedy,Chivas USA,7,6,31,22,8,2,4,1,0,28.6,71.0,2010
592,Bobby Shuttleworth,Chicago FIre FC,6,5,27,18,9,3,3,0,1,50.0,66.7,2010
593,Tally Hall,Houston Dynamo FC,5,5,26,18,8,1,3,1,1,20.0,69.2,2010
594,Kyle Reynish,Real Salt Lake,3,3,13,11,2,0,0,3,1,0.0,84.6,2010
595,Greg Sutton,New York City,3,3,10,9,1,1,1,1,2,33.3,90.0,2010
596,Milos Kocic,Toronto FC,2,1,8,5,3,1,0,1,0,50.0,62.5,2010
597,Tyler Deric,Houston Dynamo FC,2,2,9,8,1,2,0,0,1,100.0,88.9,2010
598,Terry Boss,Seattle Sounders FC,1,0,2,1,1,0,0,1,0,0.0,50.0,2010
599,Jon Conway,Toronto FC,1,1,2,2,1,0,0,0,0,0.0,100.0,2010
600,Eric Kronberg,KC ,1,1,4,3,1,1,0,0,0,100.0,75.0,2010
601,Kevin Guppy,Chivas USA,1,1,9,6,3,0,1,0,0,0.0,66.7,2010
602,Josh Saunders,LA Galaxy,1,1,1,1,0,0,0,1,1,0.0,100.0,2010
603,Ian Joyce,Colorado Rapids,1,1,4,4,0,1,0,0,1,100.0,100.0,2010
604,Josh Lambo,FC Dallas,0,0,0,0,0,0,0,0,0,0.0,0.0,2010
605,Josh Wicks,D.C. United,0,0,0,0,0,0,0,0,0,0.0,0.0,2010
606,Kenny Schoeni,Columbus Crew,0,0,0,0,0,0,0,0,0,0.0,0.0,2010
607,Steward Ceus,Colorado Rapids,0,0,0,0,0,0,0,0,0,0.0,0.0,2010
608,Andrew Weber,San Jose Earthquakes,0,0,0,0,0,0,0,0,0,0.0,0.0,2010
609,Andy Gruenebaum,Columbus Crew,0,0,0,0,0,0,0,0,0,0.0,0.0,2010
610,Andrew Quinn,D.C. United,0,0,0,0,0,0,0,0,0,0.0,0.0,2010
611,Tim Murray,New England Revolution,0,0,0,0,0,0,0,0,0,0.0,0.0,2010
612,Tim Melia,Sporting Kansas City,0,0,0,0,0,0,0,0,0,0.0,0.0,2010
613,Jon Kempin,Columbus Crew,0,0,0,0,0,0,0,0,0,0.0,0.0,2010
614,Brian Perk,LA Galaxy,0,0,0,0,0,0,0,0,0,0.0,0.0,2010
615,Kasey Keller,Seattle Sounders FC,34,34,145,110,37,18,7,9,9,52.9,75.9,2011
616,Matt Pickens,Colorado Rapids,34,34,116,76,41,12,9,13,8,35.3,65.5,2011
617,Tally Hall,Houston Dynamo FC,34,34,143,99,41,12,9,13,6,35.3,69.2,2011
618,Kevin Hartman,FC Dallas,33,33,124,85,35,15,11,7,13,45.5,68.5,2011
619,Nick Rimando,Real Salt Lake,33,33,134,95,36,14,11,8,13,42.4,70.9,2011
620,Jon Busch,San Jose Earthquakes,33,33,160,113,44,7,12,14,7,21.2,70.6,2011
621,William Hesmer,Columbus Crew,32,32,135,92,44,11,13,8,8,34.4,68.1,2011
622,Dan Kennedy,Chivas USA,32,32,142,100,39,8,12,12,9,25.0,70.4,2011
623,Jimmy Nielsen,KC ,31,31,114,79,35,12,8,11,7,38.7,69.3,2011
624,Troy Perkins,Portland Timbers,29,29,132,91,38,9,12,8,9,31.0,68.9,2011
625,Bill Hamid,D.C. United,28,28,114,77,37,7,9,10,7,25.0,67.5,2011
626,Sean Johnson,New York City,28,28,115,76,37,9,7,12,7,32.1,66.1,2011
627,Faryd Mondrag√≥n,Philadelphia Union,27,27,79,49,28,8,8,11,7,29.6,62.0,2011
628,Stefan Frei,Seattle Sounders FC,27,27,155,106,49,3,12,11,6,11.1,68.4,2011
629,Matt Reis,New England Revolution,27,27,159,111,43,5,12,10,5,18.5,69.8,2011
630,Joe Cannon,Vancouver Whitecaps FC,20,20,99,66,32,4,12,4,3,20.0,66.7,2011
631,Josh Saunders,LA Galaxy,19,18,73,55,17,12,2,4,8,63.2,75.3,2011
632,Donovan Ricketts,LA Galaxy,15,15,54,41,11,7,3,4,7,46.7,75.9,2011
633,Jay Nolly,Vancouver Whitecaps FC,14,14,63,39,23,2,6,6,2,14.3,61.9,2011
634,Bouna Coundoul,New York City,12,11,51,37,13,3,2,6,3,25.0,72.5,2011
635,Frank Rost,New York City,11,11,40,26,14,4,4,3,5,36.4,65.0,2011
636,Greg Sutton,New York City,10,10,44,30,15,3,2,5,2,30.0,68.2,2011
637,Milos Kocic,Toronto FC,8,7,47,35,10,3,1,4,1,37.5,74.5,2011
638,Zac MacMath,Real Salt Lake,8,7,25,16,8,3,0,4,3,37.5,64.0,2011
639,Bobby Shuttleworth,Chicago FIre FC,7,7,32,17,15,0,4,3,0,0.0,53.1,2011
640,Jon Conway,Chicago FIre FC,6,6,24,15,8,0,2,4,1,0.0,62.5,2011
641,Eric Kronberg,KC ,4,3,15,10,5,1,1,1,1,25.0,66.7,2011
642,Jake Gleeson,Portland Timbers,4,3,17,12,6,2,0,1,0,50.0,70.6,2011
643,Joe Willis,Nashville SC,3,3,16,12,4,1,2,0,1,33.3,75.0,2011
644,Pat Onstad,D.C. United,3,3,16,8,7,1,2,0,0,33.3,50.0,2011
645,Steve Cronin,D.C. United,2,0,10,6,4,0,0,2,0,0.0,60.0,2011
646,Adin Brown,Portland Timbers,2,2,9,5,4,0,2,0,0,0.0,55.6,2011
647,Zach Thornton,Chivas USA,2,2,7,3,4,0,2,0,0,0.0,42.9,2011
648,Andy Gruenebaum,Columbus Crew,2,2,5,5,0,2,0,0,2,100.0,100.0,2011
649,Kyle Reynish,Real Salt Lake,1,1,2,2,0,1,0,0,1,100.0,100.0,2011
650,Chris Seitz,D.C. United,1,1,9,5,4,0,1,0,0,0.0,55.6,2011
651,Chris Konopka,New York City,1,1,4,2,2,0,0,1,0,0.0,50.0,2011
652,Brian Perk,LA Galaxy,1,1,2,2,0,0,0,1,1,0.0,100.0,2011
653,David Bingham,LA Galaxy,1,1,5,4,1,1,0,0,0,100.0,80.0,2011
654,Alex Horwath,New York City,1,1,4,4,0,0,0,1,1,0.0,100.0,2011
655,Alec Dufty,Chicago FIre FC,0,0,0,0,0,0,0,0,0,0.0,0.0,2011
656,Jon Kempin,Columbus Crew,0,0,0,0,0,0,0,0,0,0.0,0.0,2011
657,Alex Riggs,Columbus Crew,0,0,0,0,0,0,0,0,0,0.0,0.0,2011
658,Tyler Deric,Houston Dynamo FC,0,0,0,0,0,0,0,0,0,0.0,0.0,2011
659,Tim Murray,New England Revolution,0,0,0,0,0,0,0,0,0,0.0,0.0,2011
660,Tim Melia,Sporting Kansas City,0,0,0,0,0,0,0,0,0,0.0,0.0,2011
661,Evan Newton,Houston Dynamo FC,0,0,0,0,0,0,0,0,0,0.0,0.0,2011
662,Richard Sanchez,Sporting Kansas City,0,0,0,0,0,0,0,0,0,0.0,0.0,2011
663,Brian Sylvestre,Vancouver Whitecaps FC,0,0,0,0,0,0,0,0,0,0.0,0.0,2011
664,Thorne Holder,Philadelphia Union,0,0,0,0,0,0,0,0,0,0.0,0.0,2011
665,Josh Ford,Seattle Sounders FC,0,0,0,0,0,0,0,0,0,0.0,0.0,2011
666,Chase Harrison,Philadelphia Union,0,0,0,0,0,0,0,0,0,0.0,0.0,2011
667,Bryan Meredith,Vancouver Whitecaps FC,0,0,0,0,0,0,0,0,0,0.0,0.0,2011
668,Sergio Arias,Chivas USA,0,0,0,0,0,0,0,0,0,0.0,0.0,2011
669,Ian Joyce,Colorado Rapids,0,0,0,0,0,0,0,0,0,0.0,0.0,2011
670,Josh Lambo,FC Dallas,0,0,0,0,0,0,0,0,0,0.0,0.0,2011
671,Andrew Weber,San Jose Earthquakes,0,0,0,0,0,0,0,0,0,0.0,0.0,2011
672,Terry Boss,Seattle Sounders FC,0,0,0,0,0,0,0,0,0,0.0,0.0,2011
673,Steward Ceus,Colorado Rapids,0,0,0,0,0,0,0,0,0,0.0,0.0,2011
674,Jimmy Nielsen,KC ,34,34,102,77,27,18,7,9,15,52.9,75.5,2012
675,Donovan Ricketts,CF Montreal,33,33,143,87,52,12,14,5,5,36.4,60.8,2012
676,Andy Gruenebaum,Columbus Crew,33,33,166,124,41,13,12,7,8,39.4,74.7,2012
677,Tally Hall,Houston Dynamo FC,33,33,129,88,39,14,8,11,12,42.4,68.2,2012
678,Jon Busch,San Jose Earthquakes,32,32,123,77,40,17,5,9,7,53.1,62.6,2012
679,Matt Pickens,Colorado Rapids,32,32,155,107,49,9,19,4,7,28.1,69.0,2012
680,Dan Kennedy,Chivas USA,32,32,167,109,54,7,17,8,7,21.9,65.3,2012
681,Zac MacMath,Real Salt Lake,32,32,139,93,43,10,17,5,8,31.3,66.9,2012
682,Sean Johnson,New York City,31,31,143,108,38,16,10,5,5,51.6,75.5,2012
683,Troy Perkins,CF Montreal,31,31,148,101,43,8,14,8,7,25.8,68.2,2012
684,Nick Rimando,Real Salt Lake,31,31,116,83,33,16,11,4,12,51.6,71.6,2012
685,Kevin Hartman,FC Dallas,30,30,148,98,42,9,11,10,6,30.0,66.2,2012
686,Matt Reis,New England Revolution,27,27,133,92,39,6,14,7,6,22.2,69.2,2012
687,Josh Saunders,LA Galaxy,27,27,118,80,36,16,7,4,9,59.3,67.8,2012
688,Milos Kocic,Toronto FC,27,27,129,82,47,5,16,6,3,18.5,63.6,2012
689,Joe Cannon,Vancouver Whitecaps FC,26,26,109,73,34,8,10,7,8,30.8,67.0,2012
690,Bill Hamid,D.C. United,24,24,113,88,24,13,6,4,8,54.2,77.9,2012
691,Michael Gspurning,Seattle Sounders FC,21,21,77,59,15,12,4,5,8,57.1,76.6,2012
692,Ryan Meara,New York City Red Bulls,18,18,90,59,27,9,5,4,3,50.0,65.6,2012
693,Bill Gaudette,LA Galaxy,15,15,62,38,20,5,5,5,3,33.3,61.3,2012
694,Bryan Meredith,Vancouver Whitecaps FC,12,10,36,20,14,3,3,5,3,25.0,55.6,2012
695,Joe Willis,Nashville SC,11,10,50,31,19,4,4,3,2,36.4,62.0,2012
696,Brad Knighton,New England Revolution,10,8,36,27,7,3,3,3,3,30.0,75.0,2012
697,Bobby Shuttleworth,Chicago FIre FC,7,7,29,23,5,3,3,1,3,42.9,79.3,2012
698,Freddy Hall,Toronto FC,7,7,42,27,15,0,5,2,1,0.0,64.3,2012
699,Joe Bendik,Philadelphia Union,5,3,21,11,8,0,2,3,0,0.0,52.4,2012
700,Brian Perk,LA Galaxy,4,4,13,7,7,0,3,1,0,0.0,53.8,2012
701,Chris Seitz,D.C. United,4,4,15,10,5,0,2,2,0,0.0,66.7,2012
702,Luis Robles,Inter Miami CF,4,4,12,9,3,2,1,1,2,50.0,75.0,2012
703,Matt Lampson,Columbus Crew,3,1,10,7,3,2,0,0,0,66.7,70.0,2012
704,Steward Ceus,Colorado Rapids,3,2,5,4,1,2,0,0,2,66.7,80.0,2012
705,Andrew Weber,Seattle Sounders FC,3,3,9,5,4,0,1,1,0,0.0,55.6,2012
706,David Bingham,LA Galaxy,3,2,12,8,3,2,1,0,0,66.7,66.7,2012
707,Paolo Tornaghi,Chicago FIre FC,3,3,17,14,3,1,1,1,1,33.3,82.4,2012
708,Kyle Reynish,Real Salt Lake,3,3,8,6,2,1,0,2,2,33.3,75.0,2012
709,Tim Melia,Sporting Kansas City,2,2,13,9,4,0,1,1,0,0.0,69.2,2012
710,Greg Sutton,CF Montreal,1,0,1,0,1,0,1,0,0,0.0,0.0,2012
711,Chris Konopka,Philadelphia Union,1,1,7,6,1,0,1,0,0,0.0,85.7,2012
712,Tyler Deric,Houston Dynamo FC,1,1,9,7,2,0,1,0,0,0.0,77.8,2012
713,Chase Harrison,Philadelphia Union,1,1,3,2,1,0,0,1,0,0.0,66.7,2012
714,Evan Bush,CF Montreal,1,1,7,4,3,0,1,0,0,0.0,57.1,2012
715,Brian Rowe ,Orlando City SC,0,0,0,0,0,0,0,0,0,0.0,0.0,2012
716,Jeremy Vuolo,New York City,0,0,0,0,0,0,0,0,0,0.0,0.0,2012
717,Erich Marscheider,Houston Dynamo FC,0,0,0,0,0,0,0,0,0,0.0,0.0,2012
718,Quillan Roberts,Toronto FC,0,0,0,0,0,0,0,0,0,0.0,0.0,2012
719,Lalo Fernandez,Real Salt Lake,0,0,0,0,0,0,0,0,0,0.0,0.0,2012
720,Patrick McLain,Chivas USA,0,0,0,0,0,0,0,0,0,0.0,0.0,2012
721,Scott Angevine,KC ,0,0,0,0,0,0,0,0,0,0.0,0.0,2012
722,Tim Murray,New England Revolution,0,0,0,0,0,0,0,0,0,0.0,0.0,2012
723,Jon Kempin,Columbus Crew,0,0,0,0,0,0,0,0,0,0.0,0.0,2012
724,Evan Newton,San Jose Earthquakes,0,0,0,0,0,0,0,0,0,0.0,0.0,2012
725,Josh Ford,Seattle Sounders FC,0,0,0,0,0,0,0,0,0,0.0,0.0,2012
726,Brian Sylvestre,Vancouver Whitecaps FC,0,0,0,0,0,0,0,0,0,0.0,0.0,2012
727,Jake Gleeson,Portland Timbers,0,0,0,0,0,0,0,0,0,0.0,0.0,2012
728,Richard Sanchez,Sporting Kansas City,0,0,0,0,0,0,0,0,0,0.0,0.0,2012
729,Ian Joyce,Colorado Rapids,0,0,0,0,0,0,0,0,0,0.0,0.0,2012
730,Stefan Frei,Seattle Sounders FC,0,0,0,0,0,0,0,0,0,0.0,0.0,2012
731,Andrew Dykstra,D.C. United,0,0,0,0,0,0,0,0,0,0.0,0.0,2012
732,Marcus Hahnemann,Seattle Sounders FC,0,0,0,0,0,0,0,0,0,0.0,0.0,2012
733,William Hesmer,Columbus Crew,0,0,0,0,0,0,0,0,0,0.0,0.0,2012
734,Jay Nolly,Chicago FIre FC,0,0,0,0,0,0,0,0,0,0.0,0.0,2012
735,Eric Kronberg,KC ,0,0,0,0,0,0,0,0,0,0.0,0.0,2012
736,Jimmy Nielsen,KC ,34,34,100,68,30,17,10,7,13,50.0,68.0,2013
737,Luis Robles,Inter Miami CF,34,34,147,103,41,17,9,8,11,50.0,70.1,2013
738,Tally Hall,Houston Dynamo FC,34,34,141,95,41,14,11,9,9,41.2,67.4,2013
739,Zac MacMath,Real Salt Lake,34,34,147,101,44,12,12,10,12,35.3,68.7,2013
740,Joe Bendik,Philadelphia Union,33,33,139,90,46,6,16,11,4,18.2,64.7,2013
741,Troy Perkins,CF Montreal,33,33,158,109,48,14,12,7,8,42.4,69.0,2013
742,Jon Busch,San Jose Earthquakes,33,33,142,101,41,13,11,9,9,39.4,71.1,2013
743,Clint Irwin,Colorado Rapids,32,31,132,91,35,14,9,9,10,43.8,68.9,2013
744,Donovan Ricketts,Portland Timbers,32,32,126,92,31,13,5,14,14,40.6,73.0,2013
745,Dan Kennedy,Chivas USA,31,31,166,104,54,6,17,8,3,19.4,62.7,2013
746,Michael Gspurning,Seattle Sounders FC,28,28,114,76,35,12,9,6,10,42.9,66.7,2013
747,Sean Johnson,New York City,28,28,132,93,39,12,10,6,6,42.9,70.5,2013
748,Nick Rimando,Real Salt Lake,27,27,112,82,28,14,7,6,9,51.9,73.2,2013
749,Raul Fernandez,FC Dallas,26,26,129,88,41,7,10,9,7,26.9,68.2,2013
750,Bill Hamid,D.C. United,25,25,119,80,39,2,17,6,4,8.0,67.2,2013
751,Bobby Shuttleworth,Chicago FIre FC,23,22,96,64,30,7,11,5,9,30.4,66.7,2013
752,Carlo Cudicini,LA Galaxy,21,21,68,39,27,9,8,4,7,42.9,57.4,2013
753,Andy Gruenebaum,Columbus Crew,21,21,100,71,28,5,11,5,4,23.8,71.0,2013
754,David Ousted,Vancouver Whitecaps FC,13,13,54,37,16,4,5,4,4,30.8,68.5,2013
755,Matt Lampson,Columbus Crew,13,13,63,43,18,7,6,0,5,53.8,68.3,2013
756,Matt Reis,New England Revolution,12,12,37,29,8,7,0,4,5,58.3,78.4,2013
757,Brad Knighton,New England Revolution,11,11,50,35,15,6,3,2,2,54.5,70.0,2013
758,Joe Cannon,Vancouver Whitecaps FC,10,10,42,31,14,3,4,3,1,30.0,73.8,2013
759,Jaime Penedo,LA Galaxy,9,9,31,24,7,4,1,4,4,44.4,77.4,2013
760,Joe Willis,Nashville SC,9,9,47,28,20,1,7,1,1,11.1,59.6,2013
761,Chris Seitz,D.C. United,8,8,36,24,11,4,2,2,2,50.0,66.7,2013
762,Paolo Tornaghi,Chicago FIre FC,6,6,24,12,13,2,3,1,0,33.3,50.0,2013
763,Jeff Attinella,Portland Timbers,5,4,24,14,9,1,2,1,1,20.0,58.3,2013
764,Brian Rowe ,Orlando City SC,4,4,19,14,4,2,2,0,2,50.0,73.7,2013
765,Marcus Hahnemann,Seattle Sounders FC,4,4,10,6,4,2,2,0,1,50.0,60.0,2013
766,Andrew Weber,Seattle Sounders FC,3,2,8,5,3,1,1,1,0,33.3,62.5,2013
767,Josh Saunders,Real Salt Lake,3,3,18,13,4,1,1,1,0,33.3,72.2,2013
768,Matt Pickens,Colorado Rapids,2,2,4,2,2,0,1,0,0,0.0,50.0,2013
769,Patrick McLain,Chivas USA,2,1,10,4,6,0,1,0,0,0.0,40.0,2013
770,Tim Melia,Sporting Kansas City,2,2,15,8,7,0,2,0,0,0.0,53.3,2013
771,Milos Kocic,Portland Timbers,2,2,10,7,2,1,0,1,1,50.0,70.0,2013
772,Stefan Frei,Seattle Sounders FC,1,1,3,2,1,0,1,0,0,0.0,66.7,2013
773,Steward Ceus,Colorado Rapids,1,1,6,5,1,0,1,0,0,0.0,83.3,2013
774,David Bingham,LA Galaxy,1,1,8,7,1,1,0,0,0,100.0,87.5,2013
775,Evan Bush,CF Montreal,1,1,7,6,1,0,1,0,0,0.0,85.7,2013
776,Ryan Meara,New York City Red Bulls,0,0,0,0,0,0,0,0,0,0.0,0.0,2013
777,Santiago Casta√±o,New York City,0,0,0,0,0,0,0,0,0,0.0,0.0,2013
778,Luis Soffner,New England Revolution,0,0,0,0,0,0,0,0,0,0.0,0.0,2013
779,Kyle Zobeck,FC Dallas,0,0,0,0,0,0,0,0,0,0.0,0.0,2013
780,Daniel Withrow,Columbus Crew,0,0,0,0,0,0,0,0,0,0.0,0.0,2013
781,Maxime Crepeau,Vancouver Whitecaps FC,0,0,0,0,0,0,0,0,0,0.0,0.0,2013
782,Alec Kann,Atlanta United,0,0,0,0,0,0,0,0,0,0.0,0.0,2013
783,Jesse Gonzalez,FC Dallas,0,0,0,0,0,0,0,0,0,0.0,0.0,2013
784,Evan Newton,San Jose Earthquakes,0,0,0,0,0,0,0,0,0,0.0,0.0,2013
785,Jake Gleeson,Portland Timbers,0,0,0,0,0,0,0,0,0,0.0,0.0,2013
786,Richard Sanchez,Sporting Kansas City,0,0,0,0,0,0,0,0,0,0.0,0.0,2013
787,Jon Kempin,Columbus Crew,0,0,0,0,0,0,0,0,0,0.0,0.0,2013
788,Tyler Deric,Houston Dynamo FC,0,0,0,0,0,0,0,0,0,0.0,0.0,2013
789,Erich Marscheider,Houston Dynamo FC,0,0,0,0,0,0,0,0,0,0.0,0.0,2013
790,Quillan Roberts,Toronto FC,0,0,0,0,0,0,0,0,0,0.0,0.0,2013
791,Lalo Fernandez,Real Salt Lake,0,0,0,0,0,0,0,0,0,0.0,0.0,2013
792,Josh Ford,Seattle Sounders FC,0,0,0,0,0,0,0,0,0,0.0,0.0,2013
793,Simon Thomas,CAN,0,0,0,0,0,0,0,0,0,0.0,0.0,2013
794,Andrew Dykstra,D.C. United,0,0,0,0,0,0,0,0,0,0.0,0.0,2013
795,Brian Perk,LA Galaxy,0,0,0,0,0,0,0,0,0,0.0,0.0,2013
796,Eric Kronberg,KC ,0,0,0,0,0,0,0,0,0,0.0,0.0,2013
797,Chris Konopka,Philadelphia Union,0,0,0,0,0,0,0,0,0,0.0,0.0,2013
798,Kevin Hartman,New York City,0,0,0,0,0,0,0,0,0,0.0,0.0,2013
799,Oka Nikolov,Philadelphia Union,0,0,0,0,0,0,0,0,0,0.0,0.0,2013
800,Jon Busch,San Jose Earthquakes,34,34,191,137,50,6,16,12,6,17.6,71.7,2014
801,Luis Robles,Inter Miami CF,34,34,171,111,50,13,10,11,6,38.2,64.9,2014
802,David Ousted,Vancouver Whitecaps FC,34,34,140,96,40,12,8,14,13,35.3,68.6,2014
803,Stefan Frei,Seattle Sounders FC,34,34,149,99,50,20,10,4,9,58.8,66.4,2014
804,Steve Clark,Portland Timbers,34,34,153,111,42,14,10,10,8,41.2,72.5,2014
805,Dan Kennedy,Chivas USA,33,33,155,93,57,9,18,6,6,27.3,60.0,2014
806,Sean Johnson,New York City,33,33,149,96,49,6,9,18,6,18.2,64.4,2014
807,Donovan Ricketts,Portland Timbers,32,32,151,105,44,12,7,12,7,37.5,69.5,2014
808,Bobby Shuttleworth,Chicago FIre FC,32,32,141,94,40,16,12,4,8,50.0,66.7,2014
809,Bill Hamid,D.C. United,30,30,146,110,34,14,9,7,10,46.7,75.3,2014
810,Zac MacMath,Real Salt Lake,29,29,125,77,45,9,10,10,5,31.0,61.6,2014
811,Jaime Penedo,LA Galaxy,29,29,115,81,33,15,7,7,8,51.7,70.4,2014
812,Joe Bendik,Philadelphia Union,27,27,125,82,45,8,11,8,4,29.6,65.6,2014
813,Clint Irwin,Colorado Rapids,26,25,125,73,49,7,15,4,7,26.9,58.4,2014
814,Tally Hall,Houston Dynamo FC,24,24,115,67,44,8,12,4,7,33.3,58.3,2014
815,Nick Rimando,Real Salt Lake,24,24,97,71,25,13,4,7,7,54.2,73.2,2014
816,Raul Fernandez,FC Dallas,21,20,95,66,25,9,8,3,4,42.9,69.5,2014
817,Troy Perkins,CF Montreal,21,21,102,66,35,4,12,5,5,19.0,64.7,2014
818,Eric Kronberg,KC ,20,20,73,45,22,7,8,5,7,35.0,61.6,2014
819,Chris Seitz,D.C. United,14,14,67,44,20,7,4,3,2,50.0,65.7,2014
820,Evan Bush,CF Montreal,13,13,79,52,23,2,6,5,3,15.4,65.8,2014
821,Tyler Deric,Houston Dynamo FC,11,10,53,36,14,3,5,2,3,27.3,67.9,2014
822,Andy Gruenebaum,KC ,11,11,45,34,12,6,3,2,3,54.5,75.6,2014
823,Jeff Attinella,Portland Timbers,10,10,60,45,14,2,4,4,3,20.0,75.0,2014
824,J√∫lio C√©sar,BRA,7,7,27,18,9,3,4,0,2,42.9,66.7,2014
825,John Berner,Colorado Rapids,5,5,12,6,6,1,1,3,2,20.0,50.0,2014
826,Joe Nasco,Colorado Rapids,4,4,19,13,7,0,2,1,0,0.0,68.4,2014
827,Jon Kempin,Columbus Crew,4,3,13,5,7,1,2,0,0,25.0,38.5,2014
828,Rais MBolhi,ALG,4,4,13,7,4,1,1,2,1,25.0,53.8,2014
829,Andrew Dykstra,D.C. United,4,4,9,6,3,3,0,1,2,75.0,66.7,2014
830,Andrew Weber,Portland Timbers,3,2,16,8,8,0,2,1,0,0.0,50.0,2014
831,Brian Rowe ,Orlando City SC,3,3,13,10,3,1,0,2,1,33.3,76.9,2014
832,Tim Melia,Sporting Kansas City,2,1,4,1,3,0,1,0,0,0.0,25.0,2014
833,Brian Perk,LA Galaxy,2,2,3,2,1,1,0,1,1,50.0,66.7,2014
834,Brad Knighton,New England Revolution,2,2,12,6,6,1,1,0,0,50.0,50.0,2014
835,Trevor Spangenberg,Chivas USA,1,0,2,1,1,0,0,0,0,0.0,50.0,2014
836,Andre Blake,Philadelphia Union,1,1,8,7,2,0,1,0,0,0.0,87.5,2014
837,Kyle Reynish,Chicago FIre FC,1,1,4,2,2,0,1,0,0,0.0,50.0,2014
838,Chris Konopka,Toronto FC,0,0,0,0,0,0,0,0,0,0.0,0.0,2014
839,Marcus Hahnemann,Seattle Sounders FC,0,0,0,0,0,0,0,0,0,0.0,0.0,2014
840,Matt Pickens,Colorado Rapids,0,0,0,0,0,0,0,0,0,0.0,0.0,2014
841,Paolo Tornaghi,Vancouver Whitecaps FC,0,0,0,0,0,0,0,0,0,0.0,0.0,2014
842,David Bingham,LA Galaxy,0,0,0,0,0,0,0,0,0,0.0,0.0,2014
843,Jake Gleeson,Portland Timbers,0,0,0,0,0,0,0,0,0,0.0,0.0,2014
844,Richard Sanchez,Sporting Kansas City,0,0,0,0,0,0,0,0,0,0.0,0.0,2014
845,Joe Willis,Nashville SC,0,0,0,0,0,0,0,0,0,0.0,0.0,2014
846,Josh Ford,Seattle Sounders FC,0,0,0,0,0,0,0,0,0,0.0,0.0,2014
847,Marco Carducci,Vancouver Whitecaps FC,0,0,0,0,0,0,0,0,0,0.0,0.0,2014
848,Billy Knutsen,San Jose Earthquakes,0,0,0,0,0,0,0,0,0,0.0,0.0,2014
849,Larry Jackson,New England Revolution,0,0,0,0,0,0,0,0,0,0.0,0.0,2014
850,Matt Lampson,Columbus Crew,0,0,0,0,0,0,0,0,0,0.0,0.0,2014
851,Ryan Meara,New York City Red Bulls,0,0,0,0,0,0,0,0,0,0.0,0.0,2014
852,Bryan Meredith,Vancouver Whitecaps FC,0,0,0,0,0,0,0,0,0,0.0,0.0,2014
853,Quillan Roberts,Toronto FC,0,0,0,0,0,0,0,0,0,0.0,0.0,2014
854,Lalo Fernandez,Real Salt Lake,0,0,0,0,0,0,0,0,0,0.0,0.0,2014
855,Brian Holt,Philadelphia Union,0,0,0,0,0,0,0,0,0,0.0,0.0,2014
856,Michael Lisch,Houston Dynamo FC,0,0,0,0,0,0,0,0,0,0.0,0.0,2014
857,Santiago Casta√±o,New York City,0,0,0,0,0,0,0,0,0,0.0,0.0,2014
858,Brad Stuver,New York City,0,0,0,0,0,0,0,0,0,0.0,0.0,2014
859,Luis Soffner,New England Revolution,0,0,0,0,0,0,0,0,0,0.0,0.0,2014
860,Maxime Crepeau,Vancouver Whitecaps FC,0,0,0,0,0,0,0,0,0,0.0,0.0,2014
861,Alec Kann,Atlanta United,0,0,0,0,0,0,0,0,0,0.0,0.0,2014
862,Jesse Gonzalez,FC Dallas,0,0,0,0,0,0,0,0,0,0.0,0.0,2014
863,Luis Robles,Inter Miami CF,34,34,131,86,43,18,10,6,9,52.9,65.6,2015
864,David Ousted,Vancouver Whitecaps FC,34,34,137,99,36,16,13,5,13,47.1,72.3,2015
865,David Bingham,LA Galaxy,34,34,147,105,39,13,13,8,12,38.2,71.4,2015
866,Steve Clark,Portland Timbers,34,34,168,114,53,15,11,8,6,44.1,67.9,2015
867,Adam Kwarasey,Portland Timbers,33,33,120,80,36,15,10,8,13,45.5,66.7,2015
868,Josh Saunders,New York City,33,33,188,123,57,10,16,7,4,30.3,65.4,2015
869,Stefan Frei,Seattle Sounders FC,31,31,144,111,33,14,10,6,10,45.2,77.1,2015
870,Bobby Shuttleworth,Chicago FIre FC,31,31,125,78,41,13,11,7,8,41.9,62.4,2015
871,Tyler Deric,Houston Dynamo FC,31,31,139,89,44,10,13,8,7,32.3,64.0,2015
872,Evan Bush,CF Montreal,31,31,142,99,39,15,12,4,9,48.4,69.7,2015
873,Clint Irwin,Colorado Rapids,31,31,125,88,38,8,13,10,8,25.8,70.4,2015
874,Bill Hamid,D.C. United,25,25,133,101,29,11,9,5,8,44.0,75.9,2015
875,Nick Rimando,Real Salt Lake,24,24,93,66,24,8,9,7,8,33.3,71.0,2015
876,Tally Hall,Orlando City SC,23,23,114,73,41,10,8,5,5,43.5,64.0,2015
877,Tim Melia,Sporting Kansas City,23,23,113,82,28,11,8,4,8,47.8,72.6,2015
878,Sean Johnson,New York City,21,21,90,59,32,5,11,5,4,23.8,65.6,2015
879,Donovan Ricketts,LA Galaxy,21,21,92,58,32,7,9,5,3,33.3,63.0,2015
880,Chris Konopka,Toronto FC,21,21,92,62,31,11,7,3,4,52.4,67.4,2015
881,Dan Kennedy,FC Dallas,16,16,48,30,19,7,5,4,5,43.8,62.5,2015
882,Jaime Penedo,LA Galaxy,16,16,69,50,19,6,4,6,5,37.5,72.5,2015
883,Joe Bendik,Philadelphia Union,13,13,72,45,27,4,8,1,1,30.8,62.5,2015
884,Jon Busch,Chicago FIre FC,12,12,57,35,24,3,8,1,1,25.0,61.4,2015
885,Brian Sylvestre,Philadelphia Union,12,12,50,30,19,5,6,1,5,41.7,60.0,2015
886,John McCarthy,Inter Miami CF,11,11,41,22,18,3,5,3,2,27.3,53.7,2015
887,Jesse Gonzalez,FC Dallas,11,11,47,37,10,7,3,1,5,63.6,78.7,2015
888,Jeff Attinella,Portland Timbers,10,10,64,40,24,3,6,1,1,30.0,62.5,2015
889,Andrew Dykstra,D.C. United,9,9,57,40,16,3,4,1,0,33.3,70.2,2015
890,Luis Marin,KC ,8,8,30,19,12,2,2,4,3,25.0,63.3,2015
891,Chris Seitz,D.C. United,7,7,27,17,10,4,2,1,3,57.1,63.0,2015
892,Brian Rowe ,Orlando City SC,7,7,22,13,9,3,3,1,2,42.9,59.1,2015
893,Andre Blake,Philadelphia Union,6,6,34,26,9,2,3,1,2,33.3,76.5,2015
894,Rais MBolhi,ALG,5,5,20,10,9,0,3,2,1,0.0,50.0,2015
895,Troy Perkins,Seattle Sounders FC,4,3,15,12,3,1,3,0,0,25.0,80.0,2015
896,Eric Kronberg,CF Montreal,3,3,11,6,5,0,1,2,0,0.0,54.5,2015
897,Brad Knighton,New England Revolution,3,3,16,9,6,1,1,1,1,33.3,56.3,2015
898,Joe Willis,Nashville SC,3,3,10,5,5,1,1,1,0,33.3,50.0,2015
899,Jon Kempin,Columbus Crew,3,3,11,6,5,1,1,1,0,33.3,54.5,2015
900,Zac MacMath,Real Salt Lake,3,3,12,6,5,1,2,0,1,33.3,50.0,2015
901,Josh Ford,Orlando City SC,2,1,6,5,1,0,1,0,0,0.0,83.3,2015
902,Travis Worra,D.C. United,1,0,1,1,0,1,0,0,0,100.0,100.0,2015
903,Alec Kann,Atlanta United,1,1,8,6,2,0,1,0,0,0.0,75.0,2015
904,Ryan Meara,New York City Red Bulls,1,1,7,6,1,0,1,0,0,0.0,85.7,2015
905,Andrew Weber,Portland Timbers,1,1,7,4,3,0,1,0,0,0.0,57.1,2015
906,Kyle Reynish,NYR,0,0,0,0,0,0,0,0,0,0.0,0.0,2015
907,Kristian Nicht,CF Montreal,0,0,0,0,0,0,0,0,0,0.0,0.0,2015
908,Jake Gleeson,Portland Timbers,0,0,0,0,0,0,0,0,0,0.0,0.0,2015
909,Brian Perk,LA Galaxy,0,0,0,0,0,0,0,0,0,0.0,0.0,2015
910,Paolo Tornaghi,Vancouver Whitecaps FC,0,0,0,0,0,0,0,0,0,0.0,0.0,2015
911,Earl Edwards Jr.,D.C. United,0,0,0,0,0,0,0,0,0,0.0,0.0,2015
912,Michael Lisch,Houston Dynamo FC,0,0,0,0,0,0,0,0,0,0.0,0.0,2015
913,Santiago Casta√±o,NYR,0,0,0,0,0,0,0,0,0,0.0,0.0,2015
914,Brad Stuver,New York City,0,0,0,0,0,0,0,0,0,0.0,0.0,2015
915,Maxime Crepeau,Vancouver Whitecaps FC,0,0,0,0,0,0,0,0,0,0.0,0.0,2015
916,Eirik Johansen,New York City,0,0,0,0,0,0,0,0,0,0.0,0.0,2015
917,Bryan Meredith,Vancouver Whitecaps FC,0,0,0,0,0,0,0,0,0,0.0,0.0,2015
918,Matt Lampson,Columbus Crew,0,0,0,0,0,0,0,0,0,0.0,0.0,2015
919,Quillan Roberts,Toronto FC,0,0,0,0,0,0,0,0,0,0.0,0.0,2015
920,Lalo Fernandez,Real Salt Lake,0,0,0,0,0,0,0,0,0,0.0,0.0,2015
921,Akira Fitzgerald,New York City,0,0,0,0,0,0,0,0,0,0.0,0.0,2015
922,Charlie Lyon,Seattle Sounders FC,0,0,0,0,0,0,0,0,0,0.0,0.0,2015
923,Alex Bono,Toronto FC,0,0,0,0,0,0,0,0,0,0.0,0.0,2015
924,Marco Carducci,Vancouver Whitecaps FC,0,0,0,0,0,0,0,0,0,0.0,0.0,2015
925,John Berner,Colorado Rapids,0,0,0,0,0,0,0,0,0,0.0,0.0,2015
926,Trevor Spangenberg,New England Revolution,0,0,0,0,0,0,0,0,0,0.0,0.0,2015
927,Andrew Wolverton,LA Galaxy,0,0,0,0,0,0,0,0,0,0.0,0.0,2015
928,Tomas Gomez,San Jose Earthquakes,0,0,0,0,0,0,0,0,0,0.0,0.0,2015
929,David Bingham,LA Galaxy,34,34,146,106,39,8,12,14,8,23.5,72.6,2016
930,Joe Bendik,Philadelphia Union,34,34,178,114,60,9,11,14,5,26.5,64.0,2016
931,Luis Robles,Inter Miami CF,34,34,143,100,44,16,9,9,11,47.1,69.9,2016
932,Evan Bush,CF Montreal,33,33,155,101,50,11,11,11,6,33.3,65.2,2016
933,David Ousted,Vancouver Whitecaps FC,33,33,166,110,52,10,15,8,6,30.3,66.3,2016
934,Josh Saunders,New York City,33,33,158,98,56,14,10,9,8,42.4,62.0,2016
935,Stefan Frei,Seattle Sounders FC,33,33,137,91,41,14,13,6,8,42.4,66.4,2016
936,Steve Clark,Portland Timbers,32,32,161,112,51,8,12,12,8,25.0,69.6,2016
937,Andre Blake,Philadelphia Union,32,32,150,99,50,10,13,9,6,31.3,66.0,2016
938,Brian Rowe ,Orlando City SC,31,30,148,113,33,12,5,14,9,38.7,76.4,2016
939,Nick Rimando,Real Salt Lake,30,30,137,91,40,11,9,10,6,36.7,66.4,2016
940,Jake Gleeson,Portland Timbers,28,27,160,118,40,11,11,6,6,39.3,73.8,2016
941,Chris Seitz,D.C. United,28,28,95,63,29,14,5,9,10,50.0,66.3,2016
942,Tim Melia,Sporting Kansas City,27,27,95,66,30,11,11,5,8,40.7,69.5,2016
943,Joe Willis,Nashville SC,26,24,129,89,39,5,12,9,5,19.2,69.0,2016
944,Sean Johnson,New York City,22,22,106,68,37,6,10,6,5,27.3,64.2,2016
945,Bobby Shuttleworth,Chicago FIre FC,21,20,89,50,38,4,9,8,5,19.0,56.2,2016
946,Bill Hamid,D.C. United,20,20,93,68,25,8,3,9,5,40.0,73.1,2016
947,Clint Irwin,Colorado Rapids,19,19,76,50,23,6,6,6,6,31.6,65.8,2016
948,Tim Howard,Colorado Rapids,17,17,73,54,19,6,3,8,7,35.3,74.0,2016
949,Zac MacMath,Real Salt Lake,17,17,57,39,13,9,3,5,6,52.9,68.4,2016
950,Alex Bono,Toronto FC,16,15,60,42,16,8,3,5,4,50.0,70.0,2016
951,Brad Knighton,New England Revolution,13,13,49,31,16,6,5,1,2,46.2,63.3,2016
952,Travis Worra,D.C. United,13,13,52,34,18,3,6,4,4,23.1,65.4,2016
953,Matt Lampson,Columbus Crew,11,11,76,55,18,1,6,4,3,9.1,72.4,2016
954,Tyler Deric,Houston Dynamo FC,10,10,37,31,6,2,2,4,4,20.0,83.8,2016
955,Adam Kwarasey,Portland Timbers,7,7,31,19,13,1,3,2,0,14.3,61.3,2016
956,Alec Kann,Atlanta United,7,7,28,17,11,2,2,3,2,28.6,60.7,2016
957,Jesse Gonzalez,FC Dallas,6,6,22,12,11,3,3,0,2,50.0,54.5,2016
958,Jeff Attinella,Portland Timbers,4,4,13,8,6,1,3,0,0,25.0,61.5,2016
959,Dan Kennedy,LA Galaxy,3,2,7,4,3,0,0,1,0,0.0,57.1,2016
960,Eric Kronberg,CF Montreal,2,1,5,2,3,0,0,1,0,0.0,40.0,2016
961,Clement Diop,CF Montreal,2,2,15,11,3,0,1,1,0,0.0,73.3,2016
962,Brad Stuver,New York City,2,2,15,8,7,0,2,0,0,0.0,53.3,2016
963,Andrew Tarbell,Columbus Crew,1,0,2,1,1,0,0,0,0,0.0,50.0,2016
964,Patrick McLain,Chicago FIre FC,1,1,6,3,3,0,1,0,0,0.0,50.0,2016
965,John McCarthy,Inter Miami CF,1,1,5,3,3,0,1,0,0,0.0,60.0,2016
966,Matt Jones,Philadelphia Union,1,1,5,2,2,1,0,0,0,100.0,40.0,2016
967,Tyler Miller,Minnesota United FC,1,1,4,2,2,0,1,0,0,0.0,50.0,2016
968,Cody Cropper,Houston Dynamo FC,1,1,2,2,0,1,0,0,1,100.0,100.0,2016
969,Eirik Johansen,New York City,1,1,6,5,1,1,0,0,0,100.0,83.3,2016
970,Paolo Tornaghi,Vancouver Whitecaps FC,1,1,6,6,0,0,0,1,1,0.0,100.0,2016
971,Andrew Dykstra,D.C. United,1,1,7,3,4,0,1,0,0,0.0,42.9,2016
972,Chris Konopka,Portland Timbers,0,0,0,0,0,0,0,0,0,0.0,0.0,2016
973,Tally Hall,D.C. United,0,0,0,0,0,0,0,0,0,0.0,0.0,2016
974,Kyle Reynish,New York City,0,0,0,0,0,0,0,0,0,0.0,0.0,2016
975,Bryan Meredith,Vancouver Whitecaps FC,0,0,0,0,0,0,0,0,0,0.0,0.0,2016
976,Ryan Meara,New York City Red Bulls,0,0,0,0,0,0,0,0,0,0.0,0.0,2016
977,Quillan Roberts,Toronto FC,0,0,0,0,0,0,0,0,0,0.0,0.0,2016
978,Lalo Fernandez,Real Salt Lake,0,0,0,0,0,0,0,0,0,0.0,0.0,2016
979,Jon Kempin,Columbus Crew,0,0,0,0,0,0,0,0,0,0.0,0.0,2016
980,Zack Steffen,Columbus Crew,0,0,0,0,0,0,0,0,0,0.0,0.0,2016
981,Charlie Horton,D.C. United,0,0,0,0,0,0,0,0,0,0.0,0.0,2016
982,Ryan Herman,FC Dallas,0,0,0,0,0,0,0,0,0,0.0,0.0,2016
983,Marco Carducci,Vancouver Whitecaps FC,0,0,0,0,0,0,0,0,0,0.0,0.0,2016
984,John Berner,Colorado Rapids,0,0,0,0,0,0,0,0,0,0.0,0.0,2016
985,Earl Edwards Jr.,D.C. United,0,0,0,0,0,0,0,0,0,0.0,0.0,2016
986,Maxime Crepeau,Vancouver Whitecaps FC,0,0,0,0,0,0,0,0,0,0.0,0.0,2016
987,Chris Froschauer,Colorado Rapids,0,0,0,0,0,0,0,0,0,0.0,0.0,2016
988,Matt Pacifici,Columbus Crew,0,0,0,0,0,0,0,0,0,0.0,0.0,2016
989,Andre Rawls,Colorado Rapids,0,0,0,0,0,0,0,0,0,0.0,0.0,2016
990,Matt Turner,New England Revolution,0,0,0,0,0,0,0,0,0,0.0,0.0,2016
991,Charlie Lyon,Seattle Sounders FC,0,0,0,0,0,0,0,0,0,0.0,0.0,2016
992,Calle Brown,Houston Dynamo FC,0,0,0,0,0,0,0,0,0,0.0,0.0,2016
993,Wade Hamilton,Portland Timbers,0,0,0,0,0,0,0,0,0,0.0,0.0,2016
994,Mason Stajduhar,Orlando City SC,0,0,0,0,0,0,0,0,0,0.0,0.0,2016
995,Luis Robles,Inter Miami CF,34,34,149,99,47,14,12,8,10,41.2,66.4,2017
996,Zack Steffen,Columbus Crew,34,34,150,98,49,16,12,6,9,47.1,65.3,2017
997,Bobby Shuttleworth,Chicago FIre FC,33,32,174,116,60,10,16,5,5,30.3,66.7,2017
998,Stefan Frei,Seattle Sounders FC,33,33,121,84,36,13,9,11,13,39.4,69.4,2017
999,Joe Bendik,Philadelphia Union,33,33,173,118,52,10,14,9,7,30.3,68.2,2017
1000,Sean Johnson,New York City,32,32,137,96,39,15,8,9,7,46.9,70.1,2017
1001,Tim Melia,Sporting Kansas City,31,31,116,91,24,12,7,11,10,38.7,78.4,2017
1002,Evan Bush,CF Montreal,31,31,136,84,50,11,14,6,5,35.5,61.8,2017
1003,Alex Bono,Toronto FC,29,28,104,72,32,19,4,6,10,65.5,69.2,2017
1004,Jesse Gonzalez,FC Dallas,29,29,118,75,40,8,8,13,9,27.6,63.6,2017
1005,David Ousted,Vancouver Whitecaps FC,28,28,132,90,39,13,8,6,6,46.4,68.2,2017
1006,Nick Rimando,Real Salt Lake,28,28,110,73,33,13,10,5,8,46.4,66.4,2017
1007,Cody Cropper,Houston Dynamo FC,28,28,124,71,50,10,14,4,8,35.7,57.3,2017
1008,Tyler Deric,Houston Dynamo FC,26,26,109,76,31,10,6,10,6,38.5,69.7,2017
1009,Andre Blake,Philadelphia Union,26,26,125,88,34,9,10,7,9,34.6,70.4,2017
1010,Tim Howard,Colorado Rapids,25,25,126,84,39,7,14,4,5,28.0,66.7,2017
1011,Bill Hamid,D.C. United,24,24,132,98,35,8,12,4,6,33.3,74.2,2017
1012,Matt Lampson,Columbus Crew,24,24,91,58,31,12,7,5,8,50.0,63.7,2017
1013,David Bingham,LA Galaxy,23,23,94,58,35,9,9,5,7,39.1,61.7,2017
1014,Jake Gleeson,Portland Timbers,21,21,83,52,30,8,6,6,3,38.1,62.7,2017
1015,Alec Kann,Atlanta United,18,18,83,56,25,8,7,3,4,44.4,67.5,2017
1016,Clement Diop,CF Montreal,15,15,89,54,31,4,8,3,2,26.7,60.7,2017
1017,Brian Rowe ,Orlando City SC,14,12,60,35,23,3,6,4,2,21.4,58.3,2017
1018,Jeff Attinella,Portland Timbers,14,13,64,45,20,7,5,2,4,50.0,70.3,2017
1019,Brad Guzan,Atlanta United,14,14,47,38,10,6,1,7,8,42.9,80.9,2017
1020,Andrew Tarbell,Columbus Crew,11,11,65,40,25,4,5,2,2,36.4,61.5,2017
1021,Zac MacMath,Real Salt Lake,9,9,40,27,12,2,5,2,1,22.2,67.5,2017
1022,Joe Willis,Nashville SC,8,8,31,17,14,3,4,1,2,37.5,54.8,2017
1023,Jorge Rodrigo Bava,Chicago FIre FC,8,8,31,20,12,3,3,2,3,37.5,64.5,2017
1024,John McCarthy,Inter Miami CF,8,8,49,34,13,2,4,2,1,25.0,69.4,2017
1025,Jon Kempin,Columbus Crew,7,7,40,27,13,1,4,1,2,14.3,67.5,2017
1026,Matt Van Oekel,Real Salt Lake,7,6,47,25,22,0,5,1,1,0.0,53.2,2017
1027,Clint Irwin,Colorado Rapids,6,6,18,13,5,1,1,3,2,16.7,72.2,2017
1028,Brad Knighton,New England Revolution,6,6,31,20,11,3,1,2,1,50.0,64.5,2017
1029,Chris Seitz,D.C. United,5,5,20,12,8,3,2,0,0,60.0,60.0,2017
1030,Stefan Marinovic,Vancouver Whitecaps FC,5,5,27,21,5,2,2,1,1,40.0,77.8,2017
1031,Steve Clark,Portland Timbers,5,5,27,13,11,1,3,1,1,20.0,48.1,2017
1032,Travis Worra,D.C. United,5,5,26,11,14,0,5,0,0,0.0,42.3,2017
1033,Andrew Dykstra,KC ,4,3,14,10,5,0,2,2,1,0.0,71.4,2017
1034,John Alvbage,Minnesota United FC,3,2,15,5,10,0,2,1,0,0.0,33.3,2017
1035,Maxime Crepeau,Vancouver Whitecaps FC,3,3,19,10,8,0,3,0,0,0.0,52.6,2017
1036,Kyle Reynish,Atlanta United,2,2,5,2,3,1,0,0,0,50.0,40.0,2017
1037,Richard Sanchez,Sporting Kansas City,2,2,15,11,4,1,1,0,0,50.0,73.3,2017
1038,Eirik Johansen,New York City,2,2,7,3,4,1,1,0,0,50.0,42.9,2017
1039,Alexander Tambakis,Atlanta United,1,0,3,1,2,0,1,0,0,0.0,33.3,2017
1040,Paolo Tornaghi,Vancouver Whitecaps FC,1,0,7,4,3,0,1,0,0,0.0,57.1,2017
1041,Earl Edwards Jr.,D.C. United,1,1,7,1,6,0,1,0,0,0.0,14.3,2017
1042,Spencer Richey,FC Cincinnati,1,1,3,1,2,0,1,0,0,0.0,33.3,2017
1043,Tyler Miller,Minnesota United FC,1,1,8,5,3,1,0,0,0,100.0,62.5,2017
1044,Matt Bersano,San Jose Earthquakes,0,0,0,0,0,0,0,0,0,0.0,0.0,2017
1045,John Berner,Colorado Rapids,0,0,0,0,0,0,0,0,0,0.0,0.0,2017
1046,Calle Brown,Houston Dynamo FC,0,0,0,0,0,0,0,0,0,0.0,0.0,2017
1047,Jacob Lissek,FC Dallas,0,0,0,0,0,0,0,0,0,0.0,0.0,2017
1048,Adrian Zendejas,Nashville SC,0,0,0,0,0,0,0,0,0,0.0,0.0,2017
1049,Mason Stajduhar,Orlando City SC,0,0,0,0,0,0,0,0,0,0.0,0.0,2017
1050,Connor Sparrow,Chicago FIre FC,0,0,0,0,0,0,0,0,0,0.0,0.0,2017
1051,Andre Rawls,Colorado Rapids,0,0,0,0,0,0,0,0,0,0.0,0.0,2017
1052,Matt Turner,New England Revolution,0,0,0,0,0,0,0,0,0,0.0,0.0,2017
1053,Eduardo Cortes,FC Dallas,0,0,0,0,0,0,0,0,0,0.0,0.0,2017
1054,Evan Louro,NYR,0,0,0,0,0,0,0,0,0,0.0,0.0,2017
1055,Eric Klenofsky,D.C. United,0,0,0,0,0,0,0,0,0,0.0,0.0,2017
1056,Stefan Cleveland,Seattle Sounders FC,0,0,0,0,0,0,0,0,0,0.0,0.0,2017
1057,Logan Ketterer,Columbus Crew,0,0,0,0,0,0,0,0,0,0.0,0.0,2017
1058,Alex Kapp,Minnesota United FC,0,0,0,0,0,0,0,0,0,0.0,0.0,2017
1059,Cody Mizell,Colorado Rapids,0,0,0,0,0,0,0,0,0,0.0,0.0,2017
1060,Brad Stuver,New York City,0,0,0,0,0,0,0,0,0,0.0,0.0,2017
1061,Lalo Fernandez,Real Salt Lake,0,0,0,0,0,0,0,0,0,0.0,0.0,2017
1062,Patrick McLain,Minnesota United FC,0,0,0,0,0,0,0,0,0,0.0,0.0,2017
1063,Mark Pais,Toronto FC,0,0,0,0,0,0,0,0,0,0.0,0.0,2017
1064,Kendall McIntosh,New York City Red Bulls,0,0,0,0,0,0,0,0,0,0.0,0.0,2017
1065,Josh Saunders,Orlando City SC,0,0,0,0,0,0,0,0,0,0.0,0.0,2017
1066,Eric Kronberg,CF Montreal,0,0,0,0,0,0,0,0,0,0.0,0.0,2017
1067,Bryan Meredith,Vancouver Whitecaps FC,0,0,0,0,0,0,0,0,0,0.0,0.0,2017
1068,Ryan Meara,New York City Red Bulls,0,0,0,0,0,0,0,0,0,0.0,0.0,2017
1069,Jimmy Maurer,FC Dallas,0,0,0,0,0,0,0,0,0,0.0,0.0,2017
1070,Tim Melia,Sporting Kansas City,34,34,148,106,40,18,8,8,13,52.9,71.6,2018
1071,David Bingham,LA Galaxy,34,34,186,121,64,13,12,9,8,38.2,65.1,2018
1072,Evan Bush,CF Montreal,34,34,184,132,53,14,16,4,10,41.2,71.7,2018
1073,Tim Howard,Colorado Rapids,33,33,179,119,58,8,17,7,6,24.2,66.5,2018
1074,Brad Guzan,Atlanta United,33,33,123,81,41,20,6,6,8,60.6,65.9,2018
1075,Nick Rimando,Real Salt Lake,33,33,165,103,57,13,13,7,7,39.4,62.4,2018
1076,Stefan Frei,Seattle Sounders FC,33,33,150,114,34,18,10,5,7,54.5,76.0,2018
1077,Andre Blake,Philadelphia Union,33,33,170,118,50,14,14,5,10,42.4,69.4,2018
1078,Tyler Miller,Minnesota United FC,33,33,169,114,50,16,8,9,10,48.5,67.5,2018
1079,Sean Johnson,New York City,32,32,141,100,41,15,10,7,10,46.9,70.9,2018
1080,Luis Robles,Inter Miami CF,31,31,115,84,30,21,6,4,14,67.7,73.0,2018
1081,Andrew Tarbell,Columbus Crew,29,29,152,87,60,4,17,8,1,13.8,57.2,2018
1082,Zack Steffen,Columbus Crew,29,29,103,66,37,12,10,7,10,41.4,64.1,2018
1083,Alex Bono,Toronto FC,27,27,137,90,45,9,12,6,3,33.3,65.7,2018
1084,Matt Turner,New England Revolution,27,27,126,83,42,8,10,9,5,29.6,65.9,2018
1085,Joe Willis,Nashville SC,26,26,124,82,42,9,11,6,4,34.6,66.1,2018
1086,Richard Sanchez,Sporting Kansas City,25,24,128,79,47,6,13,6,3,24.0,61.7,2018
1087,Joe Bendik,Philadelphia Union,25,24,142,84,58,6,17,2,1,24.0,59.2,2018
1088,Bobby Shuttleworth,Chicago FIre FC,25,25,155,103,51,9,13,3,2,36.0,66.5,2018
1089,Stefan Marinovic,Vancouver Whitecaps FC,24,24,112,65,45,10,10,4,2,41.7,58.0,2018
1090,Jeff Attinella,Portland Timbers,22,22,85,64,23,10,5,5,7,45.5,75.3,2018
1091,Jesse Gonzalez,FC Dallas,21,21,92,63,28,11,7,3,6,52.4,68.5,2018
1092,David Ousted,D.C. United,17,17,81,48,32,4,7,6,0,23.5,59.3,2018
1093,Bill Hamid,D.C. United,14,14,63,51,12,9,2,3,5,64.3,81.0,2018
1094,Jimmy Maurer,FC Dallas,13,13,47,32,16,5,2,6,4,38.5,68.1,2018
1095,Steve Clark,Portland Timbers,11,9,61,44,17,5,4,2,3,45.5,72.1,2018
1096,Brian Rowe ,Orlando City SC,10,10,50,29,22,3,3,4,0,30.0,58.0,2018
1097,Matt Lampson,Columbus Crew,9,9,54,31,20,2,7,0,0,22.2,57.4,2018
1098,Brad Knighton,New England Revolution,7,7,46,33,13,2,3,2,2,28.6,71.7,2018
1099,Clint Irwin,Colorado Rapids,7,7,47,27,19,1,6,0,0,14.3,57.4,2018
1100,Chris Seitz,D.C. United,6,6,23,14,9,1,3,2,1,16.7,60.9,2018
1101,Jake Gleeson,Portland Timbers,6,6,29,15,14,1,3,2,0,16.7,51.7,2018
1102,Earl Edwards Jr.,D.C. United,5,5,26,15,10,1,2,1,0,20.0,57.7,2018
1103,Patrick McLain,Chicago FIre FC,5,5,20,13,6,1,2,1,1,20.0,65.0,2018
1104,JT Marcinkowski,San Jose Earthquakes,5,5,32,20,11,0,4,1,1,0.0,62.5,2018
1105,Adam Grinwis,Orlando City SC,5,5,20,14,6,1,3,1,1,20.0,70.0,2018
1106,Jon Kempin,Columbus Crew,5,5,18,10,8,2,1,2,0,40.0,55.6,2018
1107,Stefan Cleveland,Seattle Sounders FC,5,5,33,25,8,1,3,1,0,20.0,75.8,2018
1108,Ryan Meara,New York City Red Bulls,3,3,16,12,3,1,1,1,1,33.3,75.0,2018
1109,Andrew Putna,Real Salt Lake,2,1,7,6,1,1,0,0,0,50.0,85.7,2018
1110,Zac MacMath,Real Salt Lake,2,1,16,9,5,0,2,0,0,0.0,56.3,2018
1111,Tyler Deric,Houston Dynamo FC,2,2,14,7,7,0,2,0,0,0.0,50.0,2018
1112,Brad Stuver,New York City,2,2,9,5,4,1,0,1,0,50.0,55.6,2018
1113,Paul Christensen,Atlanta United,1,0,3,1,2,0,1,0,0,0.0,33.3,2018
1114,Alec Kann,Atlanta United,1,1,6,5,1,1,0,0,0,100.0,83.3,2018
1115,John McCarthy,Inter Miami CF,1,1,6,6,0,1,0,0,1,100.0,100.0,2018
1116,Luis Lopez,Los Angeles FC,1,1,5,3,2,0,1,0,0,0.0,60.0,2018
1117,Bryan Meredith,Vancouver Whitecaps FC,1,1,6,3,3,0,1,0,0,0.0,50.0,2018
1118,Sean Melvin,Vancouver Whitecaps FC,0,0,0,0,0,0,0,0,0,0.0,0.0,2018
1119,Quillan Roberts,Los Angeles FC,0,0,0,0,0,0,0,0,0,0.0,0.0,2018
1120,Brian Sylvestre,LA Galaxy,0,0,0,0,0,0,0,0,0,0.0,0.0,2018
1121,Cody Cropper,Houston Dynamo FC,0,0,0,0,0,0,0,0,0,0.0,0.0,2018
1122,Clement Diop,CF Montreal,0,0,0,0,0,0,0,0,0,0.0,0.0,2018
1123,Alex Horwath,Real Salt Lake,0,0,0,0,0,0,0,0,0,0.0,0.0,2018
1124,Andrew Dykstra,Colorado Rapids,0,0,0,0,0,0,0,0,0,0.0,0.0,2018
1125,Caleb Patterson-Sewell,Toronto FC,0,0,0,0,0,0,0,0,0,0.0,0.0,2018
1126,Jake McGuire,Philadelphia Union,0,0,0,0,0,0,0,0,0,0.0,0.0,2018
1127,Matt Bersano,San Jose Earthquakes,0,0,0,0,0,0,0,0,0,0.0,0.0,2018
1128,Kendall McIntosh,New York City Red Bulls,0,0,0,0,0,0,0,0,0,0.0,0.0,2018
1129,Mitch Hildebrandt,Atlanta United,0,0,0,0,0,0,0,0,0,0.0,0.0,2018
1130,Kyle Zobeck,FC Dallas,0,0,0,0,0,0,0,0,0,0.0,0.0,2018
1131,Zac Lubin,Seattle Sounders FC,0,0,0,0,0,0,0,0,0,0.0,0.0,2018
1132,Evan Louro,New York City,0,0,0,0,0,0,0,0,0,0.0,0.0,2018
1133,Justin Vom Steeg,LA Galaxy,0,0,0,0,0,0,0,0,0,0.0,0.0,2018
1134,James Pantemis,CF Montreal,0,0,0,0,0,0,0,0,0,0.0,0.0,2018
1135,Andre Rawls,Colorado Rapids,0,0,0,0,0,0,0,0,0,0.0,0.0,2018
1136,Calle Brown,Seattle Sounders FC,0,0,0,0,0,0,0,0,0,0.0,0.0,2018
1137,Adrian Zendejas,Nashville SC,0,0,0,0,0,0,0,0,0,0.0,0.0,2018
1138,Mason Stajduhar,Orlando City SC,0,0,0,0,0,0,0,0,0,0.0,0.0,2018
1139,Connor Sparrow,Chicago FIre FC,0,0,0,0,0,0,0,0,0,0.0,0.0,2018
1140,Travis Worra,D.C. United,0,0,0,0,0,0,0,0,0,0.0,0.0,2018
1141,Charlie Lyon,Los Angeles FC,0,0,0,0,0,0,0,0,0,0.0,0.0,2018
1142,Jeff Caldwell,New England Revolution,0,0,0,0,0,0,0,0,0,0.0,0.0,2018
1143,Michael Nelson,Houston Dynamo FC,0,0,0,0,0,0,0,0,0,0.0,0.0,2018
1144,Jason Beaulieu,CF Montreal,0,0,0,0,0,0,0,0,0,0.0,0.0,2018
1145,Logan Ketterer,Columbus Crew,0,0,0,0,0,0,0,0,0,0.0,0.0,2018
1146,Alex Kapp,Minnesota United FC,0,0,0,0,0,0,0,0,0,0.0,0.0,2018
1147,Eric Dick,Sporting Kansas City,0,0,0,0,0,0,0,0,0,0.0,0.0,2018
1148,Ben Lundgaard,Columbus Crew,0,0,0,0,0,0,0,0,0,0.0,0.0,2018
1149,Vito Mannone,Minnesota United FC,34,34,175,129,43,15,11,8,11,44.1,73.7,2019
1150,Brad Guzan,Atlanta United,34,34,135,91,43,18,12,4,14,52.9,67.4,2019
1151,Daniel Vega,San Jose Earthquakes,34,34,164,108,55,13,16,5,7,38.2,65.9,2019
1152,Stefan Frei,Seattle Sounders FC,34,34,165,116,49,16,10,8,10,47.1,70.3,2019
1153,Bill Hamid,D.C. United,33,33,168,126,37,12,10,11,14,36.4,75.0,2019
1154,Luis Robles,Inter Miami CF,33,33,138,88,50,13,14,6,9,39.4,63.8,2019
1155,David Bingham,LA Galaxy,33,33,195,141,55,16,14,3,8,48.5,72.3,2019
1156,Tim Melia,Sporting Kansas City,32,32,173,111,60,10,15,7,6,31.3,64.2,2019
1157,Evan Bush,CF Montreal,32,32,144,84,59,11,17,4,7,34.4,58.3,2019
1158,Brian Rowe ,Orlando City SC,32,32,160,110,49,9,14,9,7,28.1,68.8,2019
1159,Jesse Gonzalez,FC Dallas,32,32,128,84,42,13,11,8,8,40.6,65.6,2019
1160,Sean Johnson,New York City,29,29,116,78,36,14,5,10,7,48.3,67.2,2019
1161,Nick Rimando,Real Salt Lake,29,29,113,75,35,14,11,4,10,48.3,66.4,2019
1162,Quentin Westberg,Toronto FC,28,28,115,75,41,9,9,9,4,32.1,65.2,2019
1163,Tyler Miller,Minnesota United FC,28,28,103,72,28,18,2,8,9,64.3,69.9,2019
1164,Joe Willis,Nashville SC,27,27,133,88,44,10,13,4,3,37.0,66.2,2019
1165,Andre Blake,Philadelphia Union,26,26,103,59,41,11,10,5,3,42.3,57.3,2019
1166,Maxime Crepeau,Vancouver Whitecaps FC,26,26,159,114,46,7,13,6,5,26.9,71.7,2019
1167,Tim Howard,Colorado Rapids,25,25,117,73,46,8,12,4,5,32.0,62.4,2019
1168,Steve Clark,Portland Timbers,24,24,109,84,25,13,6,5,6,54.2,77.1,2019
1169,Matt Turner,New England Revolution,20,20,116,87,27,8,4,7,5,40.0,75.0,2019
1170,Kenneth Kronholm,Chicago FIre FC,20,20,87,58,27,6,6,8,5,30.0,66.7,2019
1171,Spencer Richey,FC Cincinnati,19,19,106,61,45,5,12,2,2,26.3,57.5,2019
1172,Przemyslaw Tyton,FC Cincinnati,15,15,62,32,30,1,10,4,3,6.7,51.6,2019
1173,David Ousted,Chicago FIre FC,14,14,56,34,20,4,6,4,4,28.6,60.7,2019
1174,Zack Steffen,Columbus Crew,13,13,56,39,17,5,6,2,4,38.5,69.6,2019
1175,Eloy Room,Columbus Crew,12,12,47,33,14,5,2,5,1,41.7,70.2,2019
1176,Clint Irwin,Colorado Rapids,11,9,58,42,17,4,4,2,1,36.4,72.4,2019
1177,Jeff Attinella,Portland Timbers,10,10,64,40,24,1,7,2,0,10.0,62.5,2019
1178,Brad Knighton,New England Revolution,8,7,29,16,13,1,3,4,0,12.5,55.2,2019
1179,Zac MacMath,Real Salt Lake,8,8,52,37,13,1,3,4,0,12.5,71.2,2019
1180,Alex Bono,Toronto FC,7,6,28,16,11,4,1,2,1,57.1,57.1,2019
1181,Cody Cropper,Houston Dynamo FC,7,7,49,29,17,2,4,1,1,28.6,59.2,2019
1182,Tyler Deric,Houston Dynamo FC,7,7,36,19,15,2,5,0,0,28.6,52.8,2019
1183,Matt Freese,Philadelphia Union,6,5,23,13,7,1,1,2,0,16.7,56.5,2019
1184,Joe Bendik,Philadelphia Union,6,6,27,14,12,0,5,1,0,0.0,51.9,2019
1185,Pablo Sisniega,Los Angeles FC,6,6,26,17,9,3,2,1,0,50.0,65.4,2019
1186,Andrew Putna,Real Salt Lake,5,5,19,12,6,2,2,1,2,40.0,63.2,2019
1187,Brad Stuver,New York City,5,5,14,10,6,4,1,0,1,80.0,71.4,2019
1188,Carlos Miguel Coronel,Philadelphia Union,4,3,11,9,2,4,0,0,1,100.0,81.8,2019
1189,Jon Kempin,Columbus Crew,3,3,8,4,4,0,3,0,0,0.0,50.0,2019
1190,Jimmy Maurer,FC Dallas,2,2,12,8,4,0,1,1,0,0.0,66.7,2019
1191,Clement Diop,CF Montreal,2,2,7,6,1,1,0,1,1,50.0,85.7,2019
1192,Greg Ranjitsingh,Minnesota United FC,2,2,7,4,3,0,1,1,0,0.0,57.1,2019
1193,Adrian Zendejas,Nashville SC,1,1,4,3,1,0,0,1,0,0.0,75.0,2019
1194,Eric Dick,Sporting Kansas City,1,1,9,3,6,0,1,0,0,0.0,33.3,2019
1195,Matt Lampson,Columbus Crew,1,1,7,3,4,0,1,0,0,0.0,42.9,2019
1196,Ryan Meara,New York City Red Bulls,1,1,5,4,1,1,0,0,0,100.0,80.0,2019
1197,Chris Seitz,D.C. United,1,1,3,2,1,1,0,0,0,100.0,66.7,2019
1198,Bobby Shuttleworth,Chicago FIre FC,0,0,0,0,0,0,0,0,0,0.0,0.0,2019
1199,Caleb Patterson-Sewell,Toronto FC,0,0,0,0,0,0,0,0,0,0.0,0.0,2019
1200,Bryan Meredith,Vancouver Whitecaps FC,0,0,0,0,0,0,0,0,0,0.0,0.0,2019
1201,Earl Edwards Jr.,D.C. United,0,0,0,0,0,0,0,0,0,0.0,0.0,2019
1202,Aljaz Ivacic,Portland Timbers,0,0,0,0,0,0,0,0,0,0.0,0.0,2019
1203,Sean Melvin,Vancouver Whitecaps FC,0,0,0,0,0,0,0,0,0,0.0,0.0,2019
1204,Richard Sanchez,Sporting Kansas City,0,0,0,0,0,0,0,0,0,0.0,0.0,2019
1205,Alex Horwath,Real Salt Lake,0,0,0,0,0,0,0,0,0,0.0,0.0,2019
1206,Ben Lundgaard,Columbus Crew,0,0,0,0,0,0,0,0,0,0.0,0.0,2019
1207,Michael Nelson,Houston Dynamo FC,0,0,0,0,0,0,0,0,0,0.0,0.0,2019
1208,Jason Beaulieu,CF Montreal,0,0,0,0,0,0,0,0,0,0.0,0.0,2019
1209,Phillip Ejimadu,Los Angeles FC,0,0,0,0,0,0,0,0,0,0.0,0.0,2019
1210,Gabriel Slonina,Chicago FIre FC,0,0,0,0,0,0,0,0,0,0.0,0.0,2019
1211,Jimmy Hague,FC Cincinnati,0,0,0,0,0,0,0,0,0,0.0,0.0,2019
1212,Stefan Cleveland,Seattle Sounders FC,0,0,0,0,0,0,0,0,0,0.0,0.0,2019
1213,Mason Stajduhar,Orlando City SC,0,0,0,0,0,0,0,0,0,0.0,0.0,2019
1214,Andrew Tarbell,Columbus Crew,0,0,0,0,0,0,0,0,0,0.0,0.0,2019
1215,Andre Rawls,Colorado Rapids,0,0,0,0,0,0,0,0,0,0.0,0.0,2019
1216,Trey Muse,Seattle Sounders FC,0,0,0,0,0,0,0,0,0,0.0,0.0,2019
1217,James Pantemis,CF Montreal,0,0,0,0,0,0,0,0,0,0.0,0.0,2019
1218,Luis Barraza,New York City,0,0,0,0,0,0,0,0,0,0.0,0.0,2019
1219,Evan Louro,New York City,0,0,0,0,0,0,0,0,0,0.0,0.0,2019
1220,Dayne St. Clair,Minnesota United FC,0,0,0,0,0,0,0,0,0,0.0,0.0,2019
1221,Justin Vom Steeg,LA Galaxy,0,0,0,0,0,0,0,0,0,0.0,0.0,2019
1222,Kyle Zobeck,FC Dallas,0,0,0,0,0,0,0,0,0,0.0,0.0,2019
1223,Alec Kann,Atlanta United,0,0,0,0,0,0,0,0,0,0.0,0.0,2019
1224,Kendall McIntosh,New York City Red Bulls,0,0,0,0,0,0,0,0,0,0.0,0.0,2019
1225,Matt Bersano,San Jose Earthquakes,0,0,0,0,0,0,0,0,0,0.0,0.0,2019
1226,Brendan Moore,Atlanta United,0,0,0,0,0,0,0,0,0,0.0,0.0,2019
1227,Jeff Caldwell,New England Revolution,0,0,0,0,0,0,0,0,0,0.0,0.0,2019
1228,Adam Grinwis,Orlando City SC,0,0,0,0,0,0,0,0,0,0.0,0.0,2019
1229,Thomas Hasal,Vancouver Whitecaps FC,0,0,0,0,0,0,0,0,0,0.0,0.0,2019
1230,David Ochoa,Real Salt Lake,0,0,0,0,0,0,0,0,0,0.0,0.0,2019
1852,Brad Guzan,Atlanta United,23,23,91,59,30,6,13,4,6,26.1,64.8,2020
1853,Sean Johnson,New York City,23,23,107,81,25,12,8,3,7,52.2,75.7,2020
1854,Joe Willis,Nashville SC,23,23,92,69,22,8,7,8,9,34.8,75.0,2020
1855,Marko Maric,Houston Dynamo FC,23,23,122,79,40,4,10,9,3,17.4,64.8,2020
1856,Matt Turner,New England Revolution,22,22,90,68,24,8,7,7,6,36.4,75.6,2020
1857,Stefan Frei,Seattle Sounders FC,22,22,83,60,23,11,5,6,6,50.0,72.3,2020
1858,Andre Blake,Philadelphia Union,21,21,81,63,18,13,3,5,8,61.9,77.8,2020
1859,Tim Melia,Sporting Kansas City,20,20,77,56,21,11,5,3,7,55.0,72.7,2020
1860,Quentin Westberg,Toronto FC,20,20,75,48,26,11,5,4,6,55.0,64.0,2020
1861,Clement Diop,CF Montreal,20,20,110,73,36,7,11,2,3,35.0,66.4,2020
1862,Steve Clark,Portland Timbers,20,20,94,64,29,10,4,6,5,50.0,68.1,2020
1863,Pedro Gallese,Orlando City SC,19,19,71,52,20,11,3,5,3,57.9,73.2,2020
1864,David Bingham,LA Galaxy,18,18,87,52,35,5,9,4,3,27.8,59.8,2020
1865,Eloy Room,Columbus Crew,17,17,57,41,15,9,3,5,7,52.9,71.9,2020
1866,Bobby Shuttleworth,Chicago FIre FC,17,17,81,53,28,4,6,7,4,23.5,65.4,2020
1867,Bill Hamid,D.C. United,17,17,88,55,32,3,10,4,2,17.6,62.5,2020
1868,Jimmy Maurer,FC Dallas,16,16,68,54,13,6,4,5,7,37.5,79.4,2020
1869,Luis Robles,Inter Miami CF,15,15,58,34,25,3,10,2,2,20.0,58.6,2020
1870,Andrew Putna,Real Salt Lake,15,15,62,38,26,4,7,4,4,26.7,61.3,2020
1871,William Yarbrough,Colorado Rapids,14,14,69,48,20,6,4,4,4,42.9,69.6,2020
1872,Pablo Sisniega,Los Angeles FC,14,14,58,35,23,7,5,2,2,50.0,60.3,2020
1873,Ryan Meara,New York City Red Bulls,13,13,55,39,16,5,4,4,3,38.5,70.9,2020
1874,Dayne St. Clair,Minnesota United FC,13,13,63,48,12,6,2,5,6,46.2,76.2,2020
1875,Przemyslaw Tyton,FC Cincinnati,12,12,48,30,18,2,7,3,5,16.7,62.5,2020
1876,Daniel Vega,San Jose Earthquakes,12,12,79,42,37,2,6,4,3,16.7,53.2,2020
1877,David Jensen,New York City Red Bulls,11,10,41,25,15,4,5,1,1,36.4,61.0,2020
1878,JT Marcinkowski,San Jose Earthquakes,11,11,39,25,14,6,3,2,4,54.5,64.1,2020
1879,Spencer Richey,FC Cincinnati,10,9,34,19,15,1,7,1,2,10.0,55.9,2020
1880,Thomas Hasal,Vancouver Whitecaps FC,9,8,50,35,14,4,4,0,1,44.4,70.0,2020
1881,John McCarthy,Inter Miami CF,8,8,31,19,10,4,3,1,1,50.0,61.3,2020
1882,Kenneth Vermeer,Los Angeles FC,8,8,36,19,16,2,3,3,1,25.0,52.8,2020
1883,Evan Bush,Vancouver Whitecaps FC,8,8,32,22,10,4,4,0,1,50.0,68.8,2020
1884,Andrew Tarbell,Columbus Crew,7,6,24,17,6,3,3,0,2,42.9,70.8,2020
1885,Zac MacMath,Real Salt Lake,6,6,21,14,7,1,2,3,3,16.7,66.7,2020
1886,Chris Seitz,D.C. United,6,6,32,22,9,2,2,2,2,33.3,68.8,2020
1887,Kenneth Kronholm,Chicago FIre FC,5,5,17,7,8,1,3,1,0,20.0,41.2,2020
1888,Tyler Miller,Minnesota United FC,5,5,19,13,6,3,0,2,1,60.0,68.4,2020
1889,Kyle Zobeck,FC Dallas,4,3,18,11,6,2,1,1,0,50.0,61.1,2020
1890,Maxime Crepeau,Vancouver Whitecaps FC,4,4,22,12,10,1,3,0,1,25.0,54.5,2020
1891,Brian Rowe ,Orlando City SC,4,4,21,16,5,0,1,3,1,0.0,76.2,2020
1892,Clint Irwin,Colorado Rapids,4,4,22,14,8,2,2,0,0,50.0,63.6,2020
1893,Jonathan Klinsmann,LA Galaxy,4,4,30,17,11,1,3,0,1,25.0,56.7,2020
1894,Bryan Meredith,Vancouver Whitecaps FC,3,3,27,20,10,0,3,0,0,0.0,74.1,2020
1895,Alex Bono,Toronto FC,3,3,16,16,0,2,0,1,3,66.7,100.0,2020
1896,Greg Ranjitsingh,Minnesota United FC,3,3,22,15,8,0,3,0,0,0.0,68.2,2020
1897,James Pantemis,CF Montreal,3,3,24,17,7,1,2,0,0,33.3,70.8,2020
1898,Joe Bendik,Philadelphia Union,2,1,3,1,2,0,1,0,0,0.0,33.3,2020
1899,Richard Sanchez,Sporting Kansas City,2,1,5,2,4,1,1,0,0,50.0,40.0,2020
1900,Jesse Gonzalez,FC Dallas,2,2,5,3,2,1,0,1,1,50.0,60.0,2020
1901,Aljaz Ivacic,Portland Timbers,2,2,8,5,3,1,1,0,0,50.0,62.5,2020
1902,Bobby Edwards,FC Cincinnati,2,2,6,3,3,1,1,0,0,50.0,50.0,2020
1903,Matt Freese,Philadelphia Union,1,1,1,1,0,1,0,0,1,100.0,100.0,2020
1904,David Ochoa,Real Salt Lake,1,1,6,4,2,0,1,0,0,0.0,66.7,2020
1905,Phelipe Megiolaro,FC Dallas,1,1,9,6,3,0,1,0,0,0.0,66.7,2020
1906,Connor Sparrow,Chicago FIre FC,1,1,7,4,3,0,1,0,0,0.0,57.1,2020
1907,Brad Knighton,New England Revolution,1,1,6,5,1,0,0,1,0,0.0,83.3,2020
1908,Jeff Attinella,Portland Timbers,1,1,7,4,3,0,1,0,0,0.0,57.1,2020
1909,Jon Kempin,Columbus Crew,0,0,0,0,0,0,0,0,0,0.0,0.0,2020
1910,Cody Cropper,Houston Dynamo FC,0,0,0,0,0,0,0,0,0,0.0,0.0,2020
1911,Ben Lundt,FC Cincinnati,0,0,0,0,0,0,0,0,0,0.0,0.0,2020
1912,Earl Edwards Jr.,D.C. United,0,0,0,0,0,0,0,0,0,0.0,0.0,2020
1913,Matt Lampson,Columbus Crew,0,0,0,0,0,0,0,0,0,0.0,0.0,2020
1914,Carlos Avilez,FC Dallas,0,0,0,0,0,0,0,0,0,0.0,0.0,2020
1915,Trey Muse,Seattle Sounders FC,0,0,0,0,0,0,0,0,0,0.0,0.0,2020
1916,Luis Barraza,New York City,0,0,0,0,0,0,0,0,0,0.0,0.0,2020
1917,Justin Vom Steeg,LA Galaxy,0,0,0,0,0,0,0,0,0,0.0,0.0,2020
1918,Adrian Zendejas,Minnesota United FC,0,0,0,0,0,0,0,0,0,0.0,0.0,2020
1919,Eric Lopez,LA Galaxy,0,0,0,0,0,0,0,0,0,0.0,0.0,2020
1920,Mason Stajduhar,Orlando City SC,0,0,0,0,0,0,0,0,0,0.0,0.0,2020
1921,Brady Scott,Nashville SC,0,0,0,0,0,0,0,0,0,0.0,0.0,2020
1922,Andre Rawls,Colorado Rapids,0,0,0,0,0,0,0,0,0,0.0,0.0,2020
1923,Kevin Silva,Toronto FC,0,0,0,0,0,0,0,0,0,0.0,0.0,2020
1924,Brad Stuver,New York City,0,0,0,0,0,0,0,0,0,0.0,0.0,2020
1925,Alec Kann,Atlanta United,0,0,0,0,0,0,0,0,0,0.0,0.0,2020
1926,Brendan Moore,Atlanta United,0,0,0,0,0,0,0,0,0,0.0,0.0,2020
1927,Jeff Caldwell,New England Revolution,0,0,0,0,0,0,0,0,0,0.0,0.0,2020
1928,Matt Bersano,San Jose Earthquakes,0,0,0,0,0,0,0,0,0,0.0,0.0,2020
1929,Kendall McIntosh,New York City Red Bulls,0,0,0,0,0,0,0,0,0,0.0,0.0,2020
1930,John Pulskamp,Sporting Kansas City,0,0,0,0,0,0,0,0,0,0.0,0.0,2020
1931,Jonathan Sirois,CF Montreal,0,0,0,0,0,0,0,0,0,0.0,0.0,2020
1932,Abraham Rodriguez,Colorado Rapids,0,0,0,0,0,0,0,0,0,0.0,0.0,2020
1933,Michael Nelson,Houston Dynamo FC,0,0,0,0,0,0,0,0,0,0.0,0.0,2020
1934,Jason Beaulieu,CF Montreal,0,0,0,0,0,0,0,0,0,0.0,0.0,2020
1935,Phillip Ejimadu,Los Angeles FC,0,0,0,0,0,0,0,0,0,0.0,0.0,2020
1936,Beckham Sunderland,FC Cincinnati,0,0,0,0,0,0,0,0,0,0.0,0.0,2020
1937,Isaac Boehmer,Vancouver Whitecaps FC,0,0,0,0,0,0,0,0,0,0.0,0.0,2020
1938,Gabriel Slonina,Chicago FIre FC,0,0,0,0,0,0,0,0,0,0.0,0.0,2020
1939,Fred Emmings,Minnesota United FC,0,0,0,0,0,0,0,0,0,0.0,0.0,2020
1940,Emmanuel Ochoa,San Jose Earthquakes,0,0,0,0,0,0,0,0,0,0.0,0.0,2020
1941,Drake Callender,Inter Miami CF,0,0,0,0,0,0,0,0,0,0.0,0.0,2020
1942,Elliot Panicco,Nashville SC,0,0,0,0,0,0,0,0,0,0.0,0.0,2020
1943,Eric Dick,Sporting Kansas City,0,0,0,0,0,0,0,0,0,0.0,0.0,2020
1944,Stefan Cleveland,Seattle Sounders FC,0,0,0,0,0,0,0,0,0,0.0,0.0,2020
